Company_ID,Company_Name,Foundation_Year,Closing_Year,Duration,Status,Current_Status,Notes,Years,Employee_Number,Revenue,Net_Income,Assets,long_Term_Debt,Total_Liabilities,Holders_Equity,Avg_Stock_Price,Avg_TTM_Net_EPS,Avg_PE_Ratio
1,Rite Aid,1962,2023,61,Defunct,Re_Opened,Bankruptcy protection 2023,2023,47000,24092,-750,7527,2938,8169,-642,2.14,-20.2,-0.11
1,Rite Aid,1962,2023,61,Defunct,Re_Opened,Bankruptcy protection 2023,2022,53000,24568,-538,8529,2748,8430,99,6.74,-13.54,-0.5
1,Rite Aid,1962,2023,61,Defunct,Re_Opened,Bankruptcy protection 2023,2021,50000,24043,-91,9335,3080,8720,615,16.98,-1.98,-8.58
1,Rite Aid,1962,2023,61,Defunct,Re_Opened,Bankruptcy protection 2023,2020,48000,21928,-452,9452,3097,8778,675,13.24,-7.57,-1.75
1,Rite Aid,1962,2023,61,Defunct,Re_Opened,Bankruptcy protection 2023,2019,51000,21640,-422,7591,3479,6405,1187,9.5,-9.52,-1
1,Rite Aid,1962,2023,61,Defunct,Re_Opened,Bankruptcy protection 2023,2018,59000,21529,943,8989,3371,7388,1601,30.25,16.65,1.82
1,Rite Aid,1962,2023,61,Defunct,Re_Opened,Bankruptcy protection 2023,2017,87000,22928,4,11594,3273,10980,614,69.2,0.8,86.5
1,Rite Aid,1962,2023,61,Defunct,Re_Opened,Bankruptcy protection 2023,2016,88000,20770,165,11277,6967,10696,581,155.7,2.55,61.06
1,Rite Aid,1962,2023,61,Defunct,Re_Opened,Bankruptcy protection 2023,2015,89000,26528,2109,8777,5459,8720,57,164.15,39.6,4.15
1,Rite Aid,1962,2023,61,Defunct,Re_Opened,Bankruptcy protection 2023,2014,89000,25526,215,6945,5708,9059,-2114,133.25,4.95,26.92
1,Rite Aid,1962,2023,61,Defunct,Re_Opened,Bankruptcy protection 2023,2013,89000,25392,107,7079,5996,9538,-2459,69.8,4.85,14.39
1,Rite Aid,1962,2023,61,Defunct,Re_Opened,Bankruptcy protection 2023,2012,90000,26121,-379,7364,6249,9951,-2587,25.2,-6.55,-3.85
1,Rite Aid,1962,2023,61,Defunct,Re_Opened,Bankruptcy protection 2023,2011,91800,25215,-565,7556,6157,9767,-2211,23.4,-11.35,-2.06
1,Rite Aid,1962,2023,61,Defunct,Re_Opened,Bankruptcy protection 2023,2010,97500,25669,-516,8050,6319,9723,-1674,22.4,-12.35,-1.81
1,Rite Aid,1962,2023,61,Defunct,Re_Opened,Bankruptcy protection 2023,2009,103000,26289,-2937,8327,5971,9526,-1200,25.6,-60.4,-0.42
2,Universal Display (Joled),1994,0,0,Active,Active,,2025,0,0,0,0,0,0,0,154.36,0,0
2,Universal Display (Joled),1994,0,0,Active,Active,,2024,468,648,222,1832,0,216,1617,183.43,4.72,38.86
2,Universal Display (Joled),1994,0,0,Active,Active,,2023,456,576,202,1669,0,222,1447,160.37,4.27,37.56
2,Universal Display (Joled),1994,0,0,Active,Active,,2022,445,617,209,1533,0,257,1275,115.28,4.02,28.68
2,Universal Display (Joled),1994,0,0,Active,Active,,2021,409,554,184,1467,0,367,1100,193.4,3.72,51.99
2,Universal Display (Joled),1994,0,0,Active,Active,,2020,350,429,132,1269,0,357,913,167.77,2.56,65.54
2,Universal Display (Joled),1994,0,0,Active,Active,,2019,311,405,137,1120,0,309,811,172.72,2.48,69.65
2,Universal Display (Joled),1994,0,0,Active,Active,,2018,267,247,58,933,0,243,691,96.04,1.55,61.96
2,Universal Display (Joled),1994,0,0,Active,Active,,2017,224,336,102,780,0,121,659,119.57,1.79,66.8
2,Universal Display (Joled),1994,0,0,Active,Active,,2016,203,199,47,628,0,99,528,56.2,0.81,69.38
2,Universal Display (Joled),1994,0,0,Active,Active,,2015,154,191,15,559,0,93,467,44.92,0.38,118.21
2,Universal Display (Joled),1994,0,0,Active,Active,,2014,145,191,42,490,0,41,449,29.91,1.61,18.58
2,Universal Display (Joled),1994,0,0,Active,Active,,2013,124,147,74,463,0,35,428,29.8,0.6,49.67
2,Universal Display (Joled),1994,0,0,Active,Active,,2012,117,83,10,386,0,35,350,31.84,0.26,122.46
2,Universal Display (Joled),1994,0,0,Active,Active,,2011,90,61,3,374,0,32,342,42.02,-0.47,-89.4
2,Universal Display (Joled),1994,0,0,Active,Active,,2010,86,31,-20,92,0,35,57,20.17,-0.48,-42.02
2,Universal Display (Joled),1994,0,0,Active,Active,,2009,84,16,-21,80,0,21,60,11.89,-0.56,-21.23
3,Metro-Goldwyn-Mayer (MGM),1924,2021,97,Defunct,Re_Opened,Acquired by Amazon 2022,2025,0,0,0,0,0,0,0,32.53,0,0
3,Metro-Goldwyn-Mayer (MGM),1924,2021,97,Defunct,Re_Opened,Acquired by Amazon 2022,2024,63000,17241,747,42232,6362,38546,3685,41.35,2.61,15.84
3,Metro-Goldwyn-Mayer (MGM),1924,2021,97,Defunct,Re_Opened,Acquired by Amazon 2022,2023,63000,16164,1142,42369,6344,38034,4334,42.44,2.96,14.34
3,Metro-Goldwyn-Mayer (MGM),1924,2021,97,Defunct,Re_Opened,Acquired by Amazon 2022,2022,64000,13127,1473,45692,7433,40482,5210,33.53,4.13,8.12
3,Metro-Goldwyn-Mayer (MGM),1924,2021,97,Defunct,Re_Opened,Acquired by Amazon 2022,2021,69000,9680,1254,40899,11771,29922,10977,42.15,-0.79,-53.35
3,Metro-Goldwyn-Mayer (MGM),1924,2021,97,Defunct,Re_Opened,Acquired by Amazon 2022,2020,52000,5162,-1033,36495,12377,25315,11180,20.45,2.53,8.08
3,Metro-Goldwyn-Mayer (MGM),1924,2021,97,Defunct,Re_Opened,Acquired by Amazon 2022,2019,70000,12900,2049,33876,11169,21213,12663,28.37,1.19,23.84
3,Metro-Goldwyn-Mayer (MGM),1924,2021,97,Defunct,Re_Opened,Acquired by Amazon 2022,2018,72000,11763,445,30211,15088,19741,10470,28.06,2.69,10.43
3,Metro-Goldwyn-Mayer (MGM),1924,2021,97,Defunct,Re_Opened,Acquired by Amazon 2022,2017,68000,10797,1934,29160,12751,17549,11611,29.69,2.07,14.34
3,Metro-Goldwyn-Mayer (MGM),1924,2021,97,Defunct,Re_Opened,Acquired by Amazon 2022,2016,69000,9478,1100,28173,12979,18204,9969,23.34,0.28,83.36
3,Metro-Goldwyn-Mayer (MGM),1924,2021,97,Defunct,Re_Opened,Acquired by Amazon 2022,2015,59500,9190,-448,25215,12368,17451,7764,18.98,-0.32,-59.31
3,Metro-Goldwyn-Mayer (MGM),1924,2021,97,Defunct,Re_Opened,Acquired by Amazon 2022,2014,62000,10082,-150,26594,12805,18966,7628,22.74,0.03,758
3,Metro-Goldwyn-Mayer (MGM),1924,2021,97,Defunct,Re_Opened,Acquired by Amazon 2022,2013,61700,9810,-172,26085,13447,18224,7860,16.96,-2.32,-7.31
3,Metro-Goldwyn-Mayer (MGM),1924,2021,97,Defunct,Re_Opened,Acquired by Amazon 2022,2012,61000,9161,-1768,26285,13589,18169,8116,11.12,-0.22,-50.55
3,Metro-Goldwyn-Mayer (MGM),1924,2021,97,Defunct,Re_Opened,Acquired by Amazon 2022,2011,61000,7849,3115,27766,13470,17884,9882,10.87,3.22,3.38
3,Metro-Goldwyn-Mayer (MGM),1924,2021,97,Defunct,Re_Opened,Acquired by Amazon 2022,2010,61000,6056,-1437,18952,12048,16020,2932,11.27,-3.89,-2.9
3,Metro-Goldwyn-Mayer (MGM),1924,2021,97,Defunct,Re_Opened,Acquired by Amazon 2022,2009,62000,6011,-1292,22518,12976,18648,3870,8.61,-2.9,-2.97
4,Toys 'R' Us,1948,2018,70,Defunct,Re_Opened,Relaunch underway,2024,44888,8,-19,18,0,33,-15,0,0,0
4,Toys 'R' Us,1948,2018,70,Defunct,Re_Opened,Relaunch underway,2023,0,22,-33,35,1,33,2,0,0,0
4,Toys 'R' Us,1948,2018,70,Defunct,Re_Opened,Relaunch underway,2022,0,38,-25,51,10,17,34,0,0,0
4,Toys 'R' Us,1948,2018,70,Defunct,Re_Opened,Relaunch underway,2021,0,22,-3,64,0,8,56,0,0,0
4,Toys 'R' Us,1948,2018,70,Defunct,Re_Opened,Relaunch underway,2020,64000,0,-9,5,8,14,-9,0,0,0
5,Eastman Kodak,1888,2012,124,Defunct,Re_Opened,Restructured after bankruptcy,2025,0,0,0,0,0,0,0,6.67,0,0
5,Eastman Kodak,1888,2012,124,Defunct,Re_Opened,Restructured after bankruptcy,2024,0,0,0,0,0,0,0,5.4,0.64,8.44
5,Eastman Kodak,1888,2012,124,Defunct,Re_Opened,Restructured after bankruptcy,2023,4000,1117,56,2355,457,1424,931,4.21,0.62,6.79
5,Eastman Kodak,1888,2012,124,Defunct,Re_Opened,Restructured after bankruptcy,2022,4200,1205,13,2285,316,1244,1041,4.09,0.06,68.17
5,Eastman Kodak,1888,2012,124,Defunct,Re_Opened,Restructured after bankruptcy,2021,4200,1150,22,2171,253,1390,781,6.92,-3.25,-2.13
5,Eastman Kodak,1888,2012,124,Defunct,Re_Opened,Restructured after bankruptcy,2020,4500,1029,-561,1248,17,1171,77,5.23,-5.28,-0.99
5,Eastman Kodak,1888,2012,124,Defunct,Re_Opened,Restructured after bankruptcy,2019,4922,1242,96,1415,109,1316,99,3.16,2.92,1.08
5,Eastman Kodak,1888,2012,124,Defunct,Re_Opened,Restructured after bankruptcy,2018,5400,1320,-36,1510,5,1513,-3,3.7,1.13,3.27
5,Eastman Kodak,1888,2012,124,Defunct,Re_Opened,Restructured after bankruptcy,2017,5800,1386,75,1707,399,1650,57,7.76,0.5,15.52
5,Eastman Kodak,1888,2012,124,Defunct,Re_Opened,Restructured after bankruptcy,2016,6100,1643,15,1776,405,1849,-73,14.36,-0.06,-239.33
5,Eastman Kodak,1888,2012,124,Defunct,Re_Opened,Restructured after bankruptcy,2015,6400,1803,-80,2138,679,2035,103,15.99,-2.86,-5.59
5,Eastman Kodak,1888,2012,124,Defunct,Re_Opened,Restructured after bankruptcy,2014,7300,2046,-123,2556,672,2257,299,22.72,-1.56,-14.56
5,Eastman Kodak,1888,2012,124,Defunct,Re_Opened,Restructured after bankruptcy,2013,8800,2358,1985,3200,674,2552,648,0,0,0
5,Eastman Kodak,1888,2012,124,Defunct,Re_Opened,Restructured after bankruptcy,2012,13000,2719,-1379,4321,740,7998,-3677,0,0,0
5,Eastman Kodak,1888,2012,124,Defunct,Re_Opened,Restructured after bankruptcy,2011,17100,3585,-764,4678,1363,7028,-2350,0,0,0
5,Eastman Kodak,1888,2012,124,Defunct,Re_Opened,Restructured after bankruptcy,2010,18800,5993,-687,6226,1195,7301,-1075,0,0,0
5,Eastman Kodak,1888,2012,124,Defunct,Re_Opened,Restructured after bankruptcy,2009,20250,7609,-210,7691,1129,7724,-33,0,0,0
6,Pier 1 Imports,1962,2020,58,Defunct,Defunct,,2020,0,0,0,0,0,0,0,3.56,0,0
6,Pier 1 Imports,1962,2020,58,Defunct,Defunct,,2019,18000,1553,-199,656,246,567,90,12.86,-65.06,-0.2
6,Pier 1 Imports,1962,2020,58,Defunct,Defunct,,2018,18500,1799,12,772,198,495,278,43.8,-10.85,-4.04
6,Pier 1 Imports,1962,2020,58,Defunct,Defunct,,2017,20500,1828,30,843,199,551,292,99.94,7.15,13.98
6,Pier 1 Imports,1962,2020,58,Defunct,Defunct,,2016,22000,1892,40,819,200,534,285,94.95,6.65,14.28
6,Pier 1 Imports,1962,2020,58,Defunct,Defunct,,2015,24000,1885,75,907,201,570,337,181.72,14.45,12.58
6,Pier 1 Imports,1962,2020,58,Defunct,Defunct,,2014,22200,1791,108,804,10,354,449,282.74,19.15,14.76
6,Pier 1 Imports,1962,2020,58,Defunct,Defunct,,2013,21400,1705,129,857,10,320,537,380.06,23.95,15.87
6,Pier 1 Imports,1962,2020,58,Defunct,Defunct,,2012,19700,1534,169,823,10,330,494,298.16,31.85,9.36
6,Pier 1 Imports,1962,2020,58,Defunct,Defunct,,2011,17000,1396,100,744,10,331,413,193.22,18.1,10.68
6,Pier 1 Imports,1962,2020,58,Defunct,Defunct,,2010,16200,1291,87,643,19,340,303,124.95,14.6,8.56
6,Pier 1 Imports,1962,2020,58,Defunct,Defunct,,2009,16700,1321,-129,655,184,511,144,63.31,3.8,16.66
7,Blockbuster,1985,2010,25,Defunct,Defunct,,2010,25000,3.24,-268000,1183500,0,1735500,-552000,0,0,0
7,Blockbuster,1985,2010,25,Defunct,Defunct,,2009,0,0,-558200,1538300,836000,1852600,-314300,0,0,0
7,Blockbuster,1985,2010,25,Defunct,Defunct,,2008,0,0,-374100,2154500,583000,1940200,214300,0,0,0
7,Blockbuster,1985,2010,25,Defunct,Defunct,,2007,0,0,-73800,2733600,665600,2077900,655700,0,0,0
7,Blockbuster,1985,2010,25,Defunct,Defunct,,2006,0,0,50500,3134600,851000,2411300,723300,0,0,0
7,Blockbuster,1985,2010,25,Defunct,Defunct,,2005,0,0,-583900,3179600,1059400,2548000,631600,0,0,0
7,Blockbuster,1985,2010,25,Defunct,Defunct,,2004,84300,0,-1248800,3994600,1044900,2931700,1062900,0,0,0
7,Blockbuster,1985,2010,25,Defunct,Defunct,,2003,0,0,-978700,4822000,700,1633600,3188400,0,0,0
7,Blockbuster,1985,2010,25,Defunct,Defunct,,2002,0,0,-1621100,6243800,328900,2076800,4167000,0,0,0
7,Blockbuster,1985,2010,25,Defunct,Defunct,,2001,0,0,-240300,7752400,458400,2003700,5748700,0,0,0
8,BlackBerry,1984,0,0,Active,Active,Switched to cybersecurity,2025,0,0,0,0,0,0,0,4.47,0,0
8,BlackBerry,1984,0,0,Active,Active,Switched to cybersecurity,2024,2647,853,-130,1395,194,619,776,2.62,-0.25,-10.48
8,BlackBerry,1984,0,0,Active,Active,Switched to cybersecurity,2023,3181,656,-734,1679,0,822,857,4.62,-1.11,-4.16
8,BlackBerry,1984,0,0,Active,Active,Switched to cybersecurity,2022,3325,718,12,2567,507,1011,1556,5.93,-0.55,-10.78
8,BlackBerry,1984,0,0,Active,Active,Switched to cybersecurity,2021,3497,893,-1104,2818,720,1314,1504,10.26,-1.26,-8.14
8,BlackBerry,1984,0,0,Active,Active,Switched to cybersecurity,2020,3668,1040,-152,3888,0,1359,2529,5.22,-1.13,-4.62
8,BlackBerry,1984,0,0,Active,Active,Switched to cybersecurity,2019,3945,904,93,3968,665,1332,2636,7.25,-0.11,-65.91
8,BlackBerry,1984,0,0,Active,Active,Switched to cybersecurity,2018,3288,932,405,3780,782,1275,2505,10.86,-0.28,-38.79
8,BlackBerry,1984,0,0,Active,Active,Switched to cybersecurity,2017,4044,1309,-1206,3296,591,1239,2057,9.39,-0.18,-52.17
8,BlackBerry,1984,0,0,Active,Active,Switched to cybersecurity,2016,4534,2160,-208,5534,1277,2326,3208,7.6,-2.09,-3.64
8,BlackBerry,1984,0,0,Active,Active,Switched to cybersecurity,2015,6225,3335,-304,6558,1707,3127,3431,9.04,-0.68,-13.29
8,BlackBerry,1984,0,0,Active,Active,Switched to cybersecurity,2014,8057,6813,-5873,7552,1627,3927,3625,9.54,-8.58,-1.11
8,BlackBerry,1984,0,0,Active,Active,Switched to cybersecurity,2013,12700,11073,-646,13165,0,3705,9460,10.94,-3.4,-3.22
8,BlackBerry,1984,0,0,Active,Active,Switched to cybersecurity,2012,16500,18423,1164,13731,0,3631,10100,10.7,-0.17,-62.94
8,BlackBerry,1984,0,0,Active,Active,Switched to cybersecurity,2011,17500,19907,3411,12875,0,3937,8938,39.85,5.6,7.12
8,BlackBerry,1984,0,0,Active,Active,Switched to cybersecurity,2010,13873,14953,2457,10205,0,2602,7603,59.06,4.99,11.84
8,BlackBerry,1984,0,0,Active,Active,Switched to cybersecurity,2009,12800,11065,1893,8101,0,2227,5874,57.89,3.95,14.66
9,Nokia,1865,2014,149,Defunct,Active,Shifted focus to networks,2025,0,0,0,0,0,0,0,5.31,0,21.24
9,Nokia,1865,2014,149,Defunct,Active,Shifted focus to networks,2024,80361,20798,1382,42363,3158,19913,22450,3.96,0.14,36.42
9,Nokia,1865,2014,149,Defunct,Active,Shifted focus to networks,2023,86689,24090,720,43140,3936,20815,22326,3.81,0.59,10.81
9,Nokia,1865,2014,149,Defunct,Active,Shifted focus to networks,2022,86900,26246,4478,45245,4477,22670,22574,4.31,0.45,11.06
9,Nokia,1865,2014,149,Defunct,Active,Shifted focus to networks,2021,87900,26267,1920,47382,5368,26723,20659,4.72,-0.2,4.13
9,Nokia,1865,2014,149,Defunct,Active,Shifted focus to networks,2020,92039,24962,-2882,41341,5729,27011,14330,3.46,-0.04,24.14
9,Nokia,1865,2014,149,Defunct,Active,Shifted focus to networks,2019,98322,26113,8,43823,4463,26574,17249,4.36,-0.07,0
9,Nokia,1865,2014,149,Defunct,Active,Shifted focus to networks,2018,103083,26647,-402,46670,3340,28516,18153,4.95,-0.18,0
9,Nokia,1865,2014,149,Defunct,Active,Shifted focus to networks,2017,101731,26163,-1689,46369,3907,28038,18331,4.69,-0.16,0
9,Nokia,1865,2014,149,Defunct,Active,Shifted focus to networks,2016,101000,26131,-848,49687,4047,26477,23211,4.51,0.23,11.02
9,Nokia,1865,2014,149,Defunct,Active,Shifted focus to networks,2015,56690,13879,2738,23236,2246,11550,11686,5.48,0.69,9.87
9,Nokia,1865,2014,149,Defunct,Active,Shifted focus to networks,2014,61656,16925,4602,27999,3424,16475,11524,5.87,0.64,5.13
9,Nokia,1865,2014,149,Defunct,Active,Shifted focus to networks,2013,86462,16881,-817,33461,4365,24615,8846,3.88,-0.41,0
9,Nokia,1865,2014,149,Defunct,Active,Shifted focus to networks,2012,97798,38809,-4873,38517,6542,26368,12150,2.45,-1.16,0
9,Nokia,1865,2014,149,Defunct,Active,Shifted focus to networks,2011,130050,53844,-2072,50426,5528,31044,19382,4.14,0.25,8.12
9,Nokia,1865,2014,149,Defunct,Active,Shifted focus to networks,2010,129355,56364,1783,51951,5633,32851,19101,6.77,0.55,14.12
9,Nokia,1865,2014,149,Defunct,Active,Shifted focus to networks,2009,123553,57156,363,49840,6181,29271,20569,7.68,0.29,26.48
10,Enron,1985,2001,16,Defunct,Defunct,,2000,20600,100789,1266,65503,8550,28406,11470,0,0,0
10,Enron,1985,2001,16,Defunct,Defunct,,1999,0,40112,957,33380,7151,6759,9570,0,0,0
10,Enron,1985,2001,16,Defunct,Defunct,,1998,0,31260,698,29350,0,0,7048,0,0,0
10,Enron,1985,2001,16,Defunct,Defunct,,1997,0,20273,515,22552,0,0,0,0,0,0
10,Enron,1985,2001,16,Defunct,Defunct,,1996,0,13289,493,16137,0,0,0,0,0,0
11,Woolworth,1879,1997,118,Defunct,Defunct,,2024,201000,67922000,108000,33936000,16722000,28366000,5408000,0,0,0
11,Woolworth,1879,1997,118,Defunct,Defunct,,2023,0,64294000,1618000,33648000,15735000,27083000,6425000,0,0,0
11,Woolworth,1879,1997,118,Defunct,Defunct,,2022,198000,60849000,7934000,33273000,16763000,27169000,5980000,0,0,0
11,Woolworth,1879,1997,118,Defunct,Defunct,,2021,210000,55694000,2074000,39236000,14888000,37497000,1379000,0,0,0
12,Yahoo,1994,0,0,Active,Active,Under Apollo Global Management,2023,0,8.1,0,0,0,0,0,0,0,0
12,Yahoo,1994,0,0,Active,Active,Under Apollo Global Management,2022,0,8,0,0,0,0,0,0,0,0
12,Yahoo,1994,0,0,Active,Active,Under Apollo Global Management,2021,0,7.5,0,0,0,0,0,0,0,0
12,Yahoo,1994,0,0,Active,Active,Under Apollo Global Management,2020,10350,7.1,0,0,0,0,0,0,0,0
12,Yahoo,1994,0,0,Active,Active,Under Apollo Global Management,2016,0,5169135,-214321,4.50E+10,1.20E+09,6.00E+09,3.90E+10,0,0,0
12,Yahoo,1994,0,0,Active,Active,Under Apollo Global Management,2015,0,4968301,-4359082,0,0,0,0,0,0,0
12,Yahoo,1994,0,0,Active,Active,Under Apollo Global Management,2014,0,4618133,7521731,0,0,0,0,0,0,0
12,Yahoo,1994,0,0,Active,Active,Under Apollo Global Management,2013,0,4680380,1366281,0,0,0,0,0,0,0
12,Yahoo,1994,0,0,Active,Active,Under Apollo Global Management,2012,0,4986566,3945479,0,0,0,0,0,0,0
13,Xerox Holdings,1906,2018,112,Defunct,Defunct,,2025,0,0,0,0,0,0,0,4.13,0,0
13,Xerox Holdings,1906,2018,112,Defunct,Defunct,,2024,16800,6221,-1335,8365,2814,7071,1294,11.27,-6.1,0
13,Xerox Holdings,1906,2018,112,Defunct,Defunct,,2023,20100,6886,-13,10008,2710,7246,2762,14.07,-0.56,3.33
13,Xerox Holdings,1906,2018,112,Defunct,Defunct,,2022,20500,7107,-336,11543,2866,7976,3567,12.79,-4.1,0
13,Xerox Holdings,1906,2018,112,Defunct,Defunct,,2021,23300,7038,-469,13223,3596,8566,4657,17.53,0.27,10.22
13,Xerox Holdings,1906,2018,112,Defunct,Defunct,,2020,24700,7022,178,14741,4050,8931,5810,14.11,3.73,7.24
13,Xerox Holdings,1906,2018,112,Defunct,Defunct,,2019,27000,9066,1353,15047,3233,9239,5808,23.71,3.21,8.75
13,Xerox Holdings,1906,2018,112,Defunct,Defunct,,2018,32400,9662,361,14874,4269,9621,5253,16.94,0.64,71.09
13,Xerox Holdings,1906,2018,112,Defunct,Defunct,,2017,35300,9991,195,15946,5235,10439,5507,19.81,1.7,14.96
13,Xerox Holdings,1906,2018,112,Defunct,Defunct,,2016,37600,10771,-471,18051,5305,13090,4961,14.39,1.82,8.87
13,Xerox Holdings,1906,2018,112,Defunct,Defunct,,2015,143600,11465,448,25541,6317,16075,9466,15.51,2.03,8.37
13,Xerox Holdings,1906,2018,112,Defunct,Defunct,,2014,147500,12679,1013,27658,6314,16556,11102,17.6,3.52,5.03
13,Xerox Holdings,1906,2018,112,Defunct,Defunct,,2013,143100,20006,1159,29036,6904,16268,12768,13.61,3.65,3.73
13,Xerox Holdings,1906,2018,112,Defunct,Defunct,,2012,147600,20421,1195,30015,7447,18002,12013,9.95,3.54,2.81
13,Xerox Holdings,1906,2018,112,Defunct,Defunct,,2011,139650,21900,1271,30116,7088,17742,12374,11.63,2.98,4.02
13,Xerox Holdings,1906,2018,112,Defunct,Defunct,,2010,136500,21633,585,30600,7237,18092,12508,12.61,1.82,6.99
13,Xerox Holdings,1906,2018,112,Defunct,Defunct,,2009,53600,15179,485,24032,8276,16841,7191,10.64,2.2,4.83
14,Ninebot Segway Ltd,2012,0,0,Active,Active,,2024,0,14195808.62,1084126.92,15677919,77195.68,9443496.81,6156282.15,0,0,0
14,Ninebot Segway Ltd,2012,0,0,Active,Active,,2023,0,10222083.36,597994.83,10849629.49,71123.38,5315923.67,5456715.3,0,0,0
14,Ninebot Segway Ltd,2012,0,0,Active,Active,,2022,0,10124318.05,451308.1,9393676.96,85957.63,4447342.28,4897648.29,0,0,0
14,Ninebot Segway Ltd,2012,0,0,Active,Active,,2021,4913,9146053.59,410598.75,7672446.49,109606.62,3399555.41,4274779.97,0,0,0
15,Jcpenney,1902,2020,118,Defunct,Re_Opened,After bankruptcy restructuring,2020,39000,12625,-513,9442,4668,8133,1309,0,0,0
15,Jcpenney,1902,2020,118,Defunct,Re_Opened,After bankruptcy restructuring,2019,0,12547,1,9314,4339,7960,1354,0,0,0
15,Jcpenney,1902,2020,118,Defunct,Re_Opened,After bankruptcy restructuring,2018,0,12506,-116,8413,3780,7034,1379,0,0,0
15,Jcpenney,1902,2020,118,Defunct,Re_Opened,After bankruptcy restructuring,2017,0,12019,-255,7721,3716,6551,1170,0,0,0
15,Jcpenney,1902,2020,118,Defunct,Re_Opened,After bankruptcy restructuring,2016,0,11167,-268,7989,3574,7160,829,0,0,0
16,Tie Rack,1981,2013,32,Defunct,Defunct,,1998,1500,93,-7.2,0,0,0,0,0,0,0
16,Tie Rack,1981,2013,32,Defunct,Defunct,,1997,0,95,2.1,0,0,0,0,0,0,0
16,Tie Rack,1981,2013,32,Defunct,Defunct,,1996,0,97,7.9,0,0,0,0,0,0,0
16,Tie Rack,1981,2013,32,Defunct,Defunct,,1995,0,96,5.2,0,0,0,0,0,0,0
17,Myspace,2003,2008,5,Defunct,Re_Opened,Minimal presence,2018,150,0,0,0,0,0,0,0,0,0
18,Netscape,1994,2003,9,Defunct,Defunct,,1999,2500,0,0,0,0,0,0,0,0,0
19,America Online (AOL),1985,2009,26,Defunct,Active,,2014,5600,2.50E+09,9.20E+07,4.40E+09,4.00E+08,2.00E+09,2.40E+09,43.7,1.12,39
20,Commodore Corp,1954,1994,40,Defunct,Defunct,,2017,2000,0,0,0,0,0,0,0,0,0
21,Sears,1893,0,0,Active,Active,Only few stores left,2022,0,0,0,0,0,0,0,0.1,0,0
21,Sears,1893,0,0,Active,Active,Only few stores left,2018,89000,16702,-383,7262,2249,10985,-3723,1.9,-8.09,0
21,Sears,1893,0,0,Active,Active,Only few stores left,2017,140000,22138,-2221,9362,3573,13186,-3824,7.86,-14.62,0
21,Sears,1893,0,0,Active,Active,Only few stores left,2016,178000,25146,-1129,11337,2108,13293,-1956,14.96,-15.33,0
21,Sears,1893,0,0,Active,Active,Only few stores left,2015,196000,31198,-1682,13185,3087,14130,-945,29.18,-11.29,0
21,Sears,1893,0,0,Active,Active,Only few stores left,2014,226000,36188,-1365,18261,2834,16078,2183,32.71,-15.54,0
21,Sears,1893,0,0,Active,Active,Only few stores left,2013,246000,39854,-930,19340,1943,16168,3172,28.95,-12.46,0
21,Sears,1893,0,0,Active,Active,Only few stores left,2012,264000,41567,-3140,21381,2088,17040,4341,28.32,-27.14,0
21,Sears,1893,0,0,Active,Active,Only few stores left,2011,280000,42664,133,24360,2344,15746,8614,39.76,-1.05,7.82
21,Sears,1893,0,0,Active,Active,Only few stores left,2010,290000,43360,235,24808,1698,15373,9435,45.94,2.02,23.26
21,Sears,1893,0,0,Active,Active,Only few stores left,2009,291000,46770,53,25342,2132,15643,9699,34.91,-0.11,0
22,Macy'S,1858,0,0,Active,Active,,2025,94189,23006,582,16402,2773,11850,4552,13.09,2.06,6.35
22,Macy'S,1858,0,0,Active,Active,,2024,85581,23866,45,16246,2998,12211,4035,16.65,0.41,171.35
22,Macy'S,1858,0,0,Active,Active,,2023,94570,25449,1146,16866,2996,12784,4082,15.81,3.28,4.86
22,Macy'S,1858,0,0,Active,Active,,2022,88857,25399,1430,17590,3295,13969,3621,19.64,4.96,3.99
22,Macy'S,1858,0,0,Active,Active,,2021,75711,18097,-3944,17706,4407,15153,2553,16.36,-2.33,4.47
22,Macy'S,1858,0,0,Active,Active,,2020,123000,25331,564,21172,3621,14795,6377,7.27,-8.07,1.83
22,Macy'S,1858,0,0,Active,Active,,2019,130000,25739,1108,19194,4708,12758,6436,17.3,3.37,5.1
22,Macy'S,1858,0,0,Active,Active,,2018,130000,25641,1566,19583,5861,13850,5733,24.61,5.3,4.63
22,Macy'S,1858,0,0,Active,Active,,2017,148300,26564,627,19851,6562,15529,4322,17.91,2.08,8.78
22,Macy'S,1858,0,0,Active,Active,,2016,157900,27079,1072,20576,6995,16323,4253,25.76,2.77,9.52
22,Macy'S,1858,0,0,Active,Active,,2015,166900,28105,1526,21330,7233,15952,5378,40.7,4.1,9.92
22,Macy'S,1858,0,0,Active,Active,,2014,172500,27931,1486,21620,6714,15371,6249,36.3,4.01,9.05
22,Macy'S,1858,0,0,Active,Active,,2013,175700,27686,1335,20991,6806,14940,6051,28.09,3.43,8.18
22,Macy'S,1858,0,0,Active,Active,,2012,171000,26405,1256,22095,6655,16162,5933,22.9,3.08,7.44
22,Macy'S,1858,0,0,Active,Active,,2011,166000,25003,847,20631,6971,15101,5530,16.15,2.33,6.92
22,Macy'S,1858,0,0,Active,Active,,2010,161000,23489,329,21300,8456,16647,4653,12.23,1.22,10.38
22,Macy'S,1858,0,0,Active,Active,,2009,167000,24892,-4775,22145,8733,17499,4646,10.48,0.46,22.78
23,Hitachi,1910,0,0,Active,Active,,2020,28111,7.85E+10,2.27E+09,8.75E+10,1.82E+10,5.50E+10,3.25E+10,45.8,2.31,19.8
24,Polaroid,1937,2001,64,Defunct,Re_Opened,Relaunched under new brand,2023,21000,1.20E+09,99490000,0,0,0,0,0,0,0
25,Nike Fuelband,2012,2014,2,Defunct,Defunct,"Product, not company",2024,79000,0,0,0,0,0,0,0,0,0
26,Toshiba,1875,0,0,Active,Active,,2020,116224,3.12E+10,1.32E+09,3.48E+10,6.10E+09,1.97E+10,1.51E+10,34.7,3.14,11.1
27,Radioshack,1921,2015,94,Defunct,Defunct,Minimal presence today,2014,747,705250,-117850,1237650,635150,1232850,4800,0,0,0
27,Radioshack,1921,2015,94,Defunct,Defunct,Minimal presence today,2013,0,968125,-48950,1769250,527400,1352150,417100,0,0,0
28,Motorola,1928,0,0,Active,Active,Split into Mobility and Solutions,2025,0,0,0,0,0,0,0,424.16,0,46
28,Motorola,1928,0,0,Active,Active,Split into Mobility and Solutions,2024,21000,10817,1577,14595,5675,12876,1719,410.81,8.75,46.83
28,Motorola,1928,0,0,Active,Active,Split into Mobility and Solutions,2023,21000,9978,1709,13336,4705,12597,739,286.23,9.16,31.46
28,Motorola,1928,0,0,Active,Active,Split into Mobility and Solutions,2022,20000,9112,1363,12814,6013,12683,131,226.41,7.24,31.26
28,Motorola,1928,0,0,Active,Active,Split into Mobility and Solutions,2021,18700,8171,1245,12189,5688,12212,-23,217.58,6.7,32.42
28,Motorola,1928,0,0,Active,Active,Split into Mobility and Solutions,2020,18000,7414,949,10876,5163,11417,-541,141.45,4.98,28.54
28,Motorola,1928,0,0,Active,Active,Split into Mobility and Solutions,2019,17000,7887,868,10642,5113,11325,-683,148.12,5.66,26.34
28,Motorola,1928,0,0,Active,Active,Split into Mobility and Solutions,2018,16000,7343,966,9409,5289,10685,-1276,106.56,0.95,4.71
28,Motorola,1928,0,0,Active,Active,Split into Mobility and Solutions,2017,15000,6380,-155,8208,4419,9935,-1727,77.92,2.56,15.26
28,Motorola,1928,0,0,Active,Active,Split into Mobility and Solutions,2016,14000,6038,560,8463,4392,9415,-952,65.84,3.11,21.18
28,Motorola,1928,0,0,Active,Active,Split into Mobility and Solutions,2015,14000,5695,610,8346,4345,8442,-96,55.8,3.28,18.38
28,Motorola,1928,0,0,Active,Active,Split into Mobility and Solutions,2014,15000,5881,1299,10423,3396,7657,2766,54.68,5.22,10.78
28,Motorola,1928,0,0,Active,Active,Split into Mobility and Solutions,2013,21000,6227,1099,11851,2457,8162,3689,51.04,3.69,13.95
28,Motorola,1928,0,0,Active,Active,Split into Mobility and Solutions,2012,22000,6269,881,12679,1859,9389,3290,41.33,2.46,16.97
28,Motorola,1928,0,0,Active,Active,Split into Mobility and Solutions,2011,23000,8203,1158,13929,1130,8655,5274,35.39,4.44,8.32
28,Motorola,1928,0,0,Active,Active,Split into Mobility and Solutions,2010,51000,7617,633,25577,2098,14590,10987,24.8,3.58,7.73
28,Motorola,1928,0,0,Active,Active,Split into Mobility and Solutions,2009,53000,6947,-51,25603,3365,15720,9883,24.73,-0.14,0
29,Borders,1971,2011,40,Defunct,Defunct,,2023,170,0,1060,295841,0,156,295685,0,0,0
29,Borders,1971,2011,40,Defunct,Defunct,,2022,0,0,-1359,296527,0,565,295962,0,0,0
29,Borders,1971,2011,40,Defunct,Defunct,,2021,0,0,-1023,293665,13,125,293540,0,0,0
29,Borders,1971,2011,40,Defunct,Defunct,,2020,0,0,-1002,294801,137,240,294561,0,0,0
30,Palm,1992,2011,19,Defunct,Defunct,,2009,939,735.9,0,0,0,0,0,0,0,0
31,Sony Walkman,1979,0,0,Active,Active,Product brand still alive,2025,0,0,0,0,0,0,0,24.89,0,20.2
31,Sony Walkman,1979,0,0,Active,Active,Product brand still alive,2024,113000,89843,6697,235342,14201,181825,53517,18.62,1.16,16.11
31,Sony Walkman,1979,0,0,Active,Active,Product brand still alive,2023,113000,85395,6935,237105,13081,183172,53934,17.5,1.06,16.49
31,Sony Walkman,1979,0,0,Active,Active,Product brand still alive,2022,108900,88301,7851,271281,10712,207225,64056,15.44,1.2,12.82
31,Sony Walkman,1979,0,0,Active,Active,Product brand still alive,2021,109700,84594,11015,247736,7269,194894,52842,20.58,1.53,13.9
31,Sony Walkman,1979,0,0,Active,Active,Product brand still alive,2020,111700,75991,5356,211962,5842,167898,44064,14.17,1.21,11.91
31,Sony Walkman,1979,0,0,Active,Active,Product brand still alive,2019,114400,77991,8246,188834,5115,148904,39930,10.14,1.15,9.08
31,Sony Walkman,1979,0,0,Active,Active,Product brand still alive,2018,117300,76896,4417,171590,5611,138765,32824,9.4,0.9,10.7
31,Sony Walkman,1979,0,0,Active,Active,Product brand still alive,2017,128400,70710,682,164243,6338,135084,29159,6.91,0.34,31.25
31,Sony Walkman,1979,0,0,Active,Active,Product brand still alive,2016,125300,67277,1227,138389,4620,112457,25933,5.1,0.08,37.99
31,Sony Walkman,1979,0,0,Active,Active,Product brand still alive,2015,131700,74765,-1146,144092,6480,117443,26649,4.47,-0.01,14.42
31,Sony Walkman,1979,0,0,Active,Active,Product brand still alive,2014,140900,77673,-1284,153337,9166,125506,27831,3.17,-0.29,0
31,Sony Walkman,1979,0,0,Active,Active,Product brand still alive,2013,146300,72349,1108,151131,9983,122576,28555,3.17,0.11,34.52
31,Sony Walkman,1979,0,0,Active,Active,Product brand still alive,2012,162700,70188,-5060,168855,9680,136976,31879,2.32,-1.04,0
31,Sony Walkman,1979,0,0,Active,Active,Product brand still alive,2011,168200,73761,-2578,151222,9503,116638,34584,3.73,-0.91,0
31,Sony Walkman,1979,0,0,Active,Active,Product brand still alive,2010,0,67964,140,138954,9981,103470,35484,4.95,0.08,33.6
31,Sony Walkman,1979,0,0,Active,Active,Product brand still alive,2009,171300,0,-1010,100228,0,81368,12997,4.27,-0.3,0
32,Pan Am,1927,1991,64,Defunct,Defunct,,1991,7500,711,0,0,0,0,0,0,0,0
32,Pan Am,1927,1991,64,Defunct,Defunct,,1990,0,3.92,0,0,0,0,0,0,0,0
33,The Concorde,1969,2003,34,Defunct,Defunct,Aircraft retired,2021,150,0,0,0,0,0,0,0,0,0
34,Circuit City,1949,2009,60,Defunct,Defunct,,2007,0,0,0,4007283,0,2216039,1791244,0,0,0
34,Circuit City,1949,2009,60,Defunct,Defunct,,2006,0,0,0,4069044,0,2114411,1954633,0,0,0
34,Circuit City,1949,2009,60,Defunct,Defunct,,2005,0,0,0,3840,0,1760,2080,0,0,0
34,Circuit City,1949,2009,60,Defunct,Defunct,,2004,0,0,0,3808,0,1592,2216,0,0,0
34,Circuit City,1949,2009,60,Defunct,Defunct,,2003,60000,0,0,3960,0,1593,2366,0,0,0
35,Abercrombie & Fitch,1892,0,0,Active,Active,,2025,0,4948587,0,3299887,951613,1948564,1335628,0,0,0
35,Abercrombie & Fitch,1892,0,0,Active,Active,,2024,31700,4280677,0,2974233,1048368,1924246,1035160,0,0,0
35,Abercrombie & Fitch,1892,0,0,Active,Active,,2023,0,3697751,0,2713100,1224192,2006531,694841,0,0,0
35,Abercrombie & Fitch,1892,0,0,Active,Active,,2022,0,3712768,0,2939491,1223661,2102167,826090,0,0,0
36,Hummer,1992,2010,18,Defunct,Re_Opened,Relaunched as EV by GM,2000,200,0,2295,380628,0,421858,380628,0,0,0
36,Hummer,1992,2010,18,Defunct,Re_Opened,Relaunched as EV by GM,1999,0,0,-10249,325793,0,369860,325793,0,0,0
36,Hummer,1992,2010,18,Defunct,Re_Opened,Relaunched as EV by GM,1998,0,0,-8315,0,0,0,0,0,0,0
37,Mapquest,1967,2005,9,Defunct,Re_Opened,Online service minimized,2005,150,0,0,0,0,0,0,0,0,0
38,Atari,1972,1984,20,Defunct,Defunct,,2024,1,20600,-13500,78100,38800,71300,6800,0,0,0
38,Atari,1972,1984,20,Defunct,Defunct,,2023,21,10100,-9500,25200,7700,17400,7800,0,0,0
38,Atari,1972,1984,20,Defunct,Defunct,,2022,0,14900,-23800,26000,5000,21600,4400,0,0,0
38,Atari,1972,1984,20,Defunct,Defunct,,2021,0,18900,-11900,40400,0,16200,24200,0,0,0
39,Tower Records,1960,2006,46,Defunct,Defunct,,2003,62,0,0,298998,176609,357985,-59987,0,0,0
39,Tower Records,1960,2006,46,Defunct,Defunct,,2002,0,0,0,482523,116641,480905,1618,0,0,0
39,Tower Records,1960,2006,46,Defunct,Defunct,,2001,0,0,0,478004,115771,518791,-40787,0,0,0
40,Hmv Group,1921,2013,92,Defunct,Re_Opened,Restructured in UK,2012,0,8731,-816,0,1592,118.9,-136.1,0,0,0
40,Hmv Group,1921,2013,92,Defunct,Re_Opened,Restructured in UK,2011,0,1102.2,-124,0,7,470.7,-59.6,0,0,0
40,Hmv Group,1921,2013,92,Defunct,Re_Opened,Restructured in UK,2010,0,1281.1,49.2,2558,118,607.6,99.4,0,0,0
40,Hmv Group,1921,2013,92,Defunct,Re_Opened,Restructured in UK,2009,0,0,0,5303,0,0,0,0,0,0
40,Hmv Group,1921,2013,92,Defunct,Re_Opened,Restructured in UK,2008,1.6,0,0,707,0,0,0,0,0,0
41,Compaq,1982,2002,31,Defunct,Defunct,Merged with HP,1999,20470,77050,569,27277,0,12443,14834,0,0,0
41,Compaq,1982,2002,31,Defunct,Defunct,,1998,0,62338,-2734,23051,0,11700,11351,0,0,0
41,Compaq,1982,2002,31,Defunct,Defunct,,1997,0,49168,1855,14631,0,5202,9429,0,0,0
41,Compaq,1982,2002,31,Defunct,Defunct,,1996,0,0,1318,12331,0,5041,7290,0,0,0
41,Compaq,1982,2002,31,Defunct,Defunct,,1995,0,0,893,9637,0,3880,5757,0,0,0
42,General Motors,1908,0,0,Active,Active,,2024,162000,187442,7189,279761,90300,214171,65590,0,0,0
42,General Motors,1908,0,0,Active,Active,,2023,163000,171842,10022,273064,82773,204875,68189,47.2,8.15,6.02
42,General Motors,1908,0,0,Active,Active,,2022,167000,156735,8915,264037,75921,192110,71927,35.42,7.01,5.06
42,General Motors,1908,0,0,Active,Active,,2021,157000,127004,9837,244718,75659,178903,65815,34.39,5.83,5.89
42,General Motors,1908,0,0,Active,Active,,2020,155000,122485,6247,235194,72981,185517,49677,55.42,7.25,7.76
42,General Motors,1908,0,0,Active,Active,,2019,164000,137237,6581,228037,65924,182080,45957,28.52,2.72,12.97
42,General Motors,1908,0,0,Active,Active,,2018,173000,147049,7916,227339,73060,184562,42777,35.4,5.83,6.18
42,General Motors,1908,0,0,Active,Active,,2017,180000,145588,-3880,212482,67254,176282,36200,32.4,-0.29,17.39
42,General Motors,1908,0,0,Active,Active,,2016,225000,149184,9427,221690,51326,177615,44075,33.11,2.82,7.04
42,General Motors,1908,0,0,Active,Active,,2015,215000,135725,9687,194338,43549,154015,40323,26.42,7.3,3.72
42,General Motors,1908,0,0,Active,Active,,2014,216000,155929,2804,177501,31721,141477,36024,26.87,3.39,9.24
42,General Motors,1908,0,0,Active,Active,,2013,219000,155427,3770,166344,22025,123170,43174,26.41,1.55,17.51
42,General Motors,1908,0,0,Active,Active,,2012,213000,152256,4859,149422,10532,112422,37000,25.92,2.59,10.24
42,General Motors,1908,0,0,Active,Active,,2011,207000,150276,7585,144603,8033,105612,38991,18.21,2.97,6.16
42,General Motors,1908,0,0,Active,Active,,2010,202000,135592,4668,138898,9974,101739,37159,15.2,4.64,3.28
42,General Motors,1908,0,0,Active,Active,,2009,0,104589,104690,136295,5562,107340,28955,0,0,0
43,Delorean Motor,1975,1982,7,Defunct,Defunct,,2022,43,39300000,0,0,0,12210000,11880000,0,0,0
44,Tivo,1999,2024,25,Defunct,Re_Opened,Brand merged with Xperi,2019,0,668.13,-410.07,2382.57,1066.27,1308.89,1073.68,0,0,0
44,Tivo,1999,2024,25,Defunct,Re_Opened,Brand merged with Xperi,2018,0,695.87,-349.35,2760.3,995.15,1267.36,1492.94,0,0,0
44,Tivo,1999,2024,25,Defunct,Re_Opened,Brand merged with Xperi,2017,0,826.46,-37.96,3163.68,992.83,1310.66,1853.02,0,0,0
44,Tivo,1999,2024,25,Defunct,Re_Opened,Brand merged with Xperi,2016,0,649.09,32.66,3320.84,994.04,1411.21,1909.64,0,0,0
44,Tivo,1999,2024,25,Defunct,Re_Opened,Brand merged with Xperi,2015,630,526.27,-4.29,2199.3,992.71,1168.73,1030.57,0,0,0
45,Pebble,2012,2016,4,Defunct,Defunct,,2021,200,12.7,0,192979,0,74575,192979,0,0,0
45,Pebble,2012,2016,4,Defunct,Defunct,,2020,0,9.8,0,186111,0,66283,186111,0,0,0
45,Pebble,2012,2016,4,Defunct,Defunct,,2019,0,9.3,0,0,0,0,0,0,0,0
46,Party City,1986,2023,37,Defunct,Active,"Bankruptcy in 2023, reorganization",2022,0,2170,0,2020,0,2878,-858,0,0,0
46,Party City,1986,2023,37,Defunct,Active,"Bankruptcy in 2023, reorganization",2021,0,2171,0,2712,0,2629,83,0,0,0
46,Party City,1986,2023,37,Defunct,Active,"Bankruptcy in 2023, reorganization",2020,0,1851,0,2806,0,2756,51,0,0,0
46,Party City,1986,2023,37,Defunct,Active,"Bankruptcy in 2023, reorganization",2019,10000,2349,0,3595,0,3066,530,0,0,0
46,Party City,1986,2023,37,Defunct,Active,"Bankruptcy in 2023, reorganization",2018,0,2428,0,3642,0,2599,1044,0,0,0
46,Party City,1986,2023,37,Defunct,Active,"Bankruptcy in 2023, reorganization",2017,0,2372,0,3455,0,2486,969,0,0,0
46,Party City,1986,2023,37,Defunct,Active,"Bankruptcy in 2023, reorganization",2016,0,2283,0,3394,0,2377,1017,0,0,0
46,Party City,1986,2023,37,Defunct,Active,"Bankruptcy in 2023, reorganization",2015,0,2295,0,3292,0,2379,913,0,0,0
46,Party City,1986,2023,37,Defunct,Active,"Bankruptcy in 2023, reorganization",2014,0,2271,0,3336,0,2849,487,0,0,0
46,Party City,1986,2023,37,Defunct,Active,"Bankruptcy in 2023, reorganization",2013,0,2045,0,3328,0,2871,457,0,0,0
46,Party City,1986,2023,37,Defunct,Active,"Bankruptcy in 2023, reorganization",2012,0,1914,0,0,0,0,0,0,0,0
47,At&T,1885,0,0,Active,Active,,2025,0,0,0,0,0,0,0,27.19,0,18.25
47,At&T,1885,0,0,Active,Active,,2024,140990,122336,10746,394795,118443,276550,118245,19.52,1.58,12.87
47,At&T,1885,0,0,Active,Active,,2023,149900,122428,14192,407060,127854,289618,117442,15,-0.52,1.97
47,At&T,1885,0,0,Active,Active,,2022,160700,120741,-8727,402853,128423,296396,106457,15.28,1.65,4.36
47,At&T,1885,0,0,Active,Active,,2021,203000,134038,19874,551622,151011,367767,183855,16.4,0.55,35.04
47,At&T,1885,0,0,Active,Active,,2020,230000,143050,-5369,525761,153775,346521,179240,16.12,1.09,7.15
47,At&T,1885,0,0,Active,Active,,2019,246000,181193,13900,551669,151309,349735,201934,18.46,2.3,8.26
47,At&T,1885,0,0,Active,Active,,2018,268000,170756,19370,531864,166250,337980,193884,15.86,4.56,3.64
47,At&T,1885,0,0,Active,Active,,2017,252000,160546,29450,444097,125972,302090,142007,18.22,2.75,7.53
47,At&T,1885,0,0,Active,Active,,2016,268000,163786,12976,403821,113681,279711,124110,18.28,2.27,8.08
47,At&T,1885,0,0,Active,Active,,2015,281000,146801,13345,402672,118515,279032,123640,14.16,1.34,12.05
47,At&T,1885,0,0,Active,Active,,2014,253000,132447,6442,296834,75778,206564,90270,13.81,2.83,5.94
47,At&T,1885,0,0,Active,Active,,2013,243000,128752,18418,277787,69290,186305,91482,13.29,1.86,8.39
47,At&T,1885,0,0,Active,Active,,2012,242000,127434,7264,272315,66358,179620,92695,12.4,0.86,15.18
47,At&T,1885,0,0,Active,Active,,2011,256000,126723,3944,270442,61300,164645,105797,10.23,2.39,6.7
47,At&T,1885,0,0,Active,Active,,2010,265410,124280,19864,269391,58971,157441,111950,8.63,2.8,3.23
47,At&T,1885,0,0,Active,Active,,2009,281000,122513,12138,268312,64720,166323,101989,8.61,2.12,4.06
48,Mits Micro Instrumentation,1969,1977,8,Defunct,Defunct,,2021,230,2.90E+09,0,0,0,0,0,0,0,0
49,Crystal Pepsi,1992,1993,2,Defunct,Defunct,"Product, not company",2023,319000,0,1.20E+10,0,0,0,0,0,0,0
50,Karmelkorn,1928,2019,91,Defunct,Defunct,,2025,25,0,0,0,0,0,0,0,0,0
51,IBM,1911,0,0,Active,Active,,2025,0,0,0,0,0,0,0,245.48,0,38.3
51,IBM,1911,0,0,Active,Active,,2024,293400,62753,6023,137175,49884,109783,27393,197.5,7.8,26.34
51,IBM,1911,0,0,Active,Active,,2023,305300,61860,7502,135241,50121,112628,22613,134.1,4.95,39.13
51,IBM,1911,0,0,Active,Active,,2022,345000,60530,1639,127243,46189,105222,22021,119.07,3.85,47.65
51,IBM,1911,0,0,Active,Active,,2021,345000,57350,5743,132001,44917,113005,18996,114.08,5.89,19.46
51,IBM,1911,0,0,Active,Active,,2020,345900,55179,5590,155971,54217,135244,20727,93.03,8.49,11.42
51,IBM,1911,0,0,Active,Active,,2019,383800,57714,9431,152186,54102,131202,20985,103.24,9.59,10.85
51,IBM,1911,0,0,Active,Active,,2018,381100,79591,8728,123382,35605,106452,16929,98.33,7,14.79
51,IBM,1911,0,0,Active,Active,,2017,397800,79139,5753,125356,39837,107631,17725,105.94,10.57,10.91
51,IBM,1911,0,0,Active,Active,,2016,414400,79919,11872,117470,34655,99078,18392,102.51,12.54,8.19
51,IBM,1911,0,0,Active,Active,,2015,411798,81741,13190,110495,33428,96071,14424,95.19,12.8,7.54
51,IBM,1911,0,0,Active,Active,,2014,412775,92793,12022,117271,34991,105257,12014,110.59,13.63,8.2
51,IBM,1911,0,0,Active,Active,,2013,463785,98367,16483,126223,32856,103294,22929,116.11,14.5,8.01
51,IBM,1911,0,0,Active,Active,,2012,466995,102874,16604,119213,24088,100229,18984,117.89,13.87,8.51
51,IBM,1911,0,0,Active,Active,,2011,466385,106916,15855,116433,22857,96197,20236,100.12,12.51,8
51,IBM,1911,0,0,Active,Active,,2010,463869,99870,14833,113452,21846,90279,23172,75.58,10.86,6.96
51,IBM,1911,0,0,Active,Active,,2009,437776,95758,13425,109022,21932,86267,22755,73.4,10.01,7.33
52,Verizon,1983,0,0,Active,Active,,2025,0,0,0,0,0,0,0,43.67,3.05,14.32
52,Verizon,1983,0,0,Active,Active,,2024,99600,134788,17506,384711,121381,284136,100575,39.67,2.95,14.16
52,Verizon,1983,0,0,Active,Active,,2023,105400,133974,11614,380255,137701,286456,93799,32.17,4.46,7.79
52,Verizon,1983,0,0,Active,Active,,2022,117100,136835,21256,379680,140676,287217,92463,36.91,4.95,7.44
52,Verizon,1983,0,0,Active,Active,,2021,118400,133613,22065,366596,143425,283396,83200,43.28,5.01,8.69
52,Verizon,1983,0,0,Active,Active,,2020,132200,128292,17801,316481,123173,247209,69272,42.8,4.44,9.67
52,Verizon,1983,0,0,Active,Active,,2019,135000,131868,19265,291727,100712,228892,62835,42.99,4.06,10.63
52,Verizon,1983,0,0,Active,Active,,2018,144500,130863,15528,264829,86670,210119,54710,35.97,6.7,6.02
52,Verizon,1983,0,0,Active,Active,,2017,155400,126034,30101,257143,113642,212456,44687,32.32,4.54,7.82
52,Verizon,1983,0,0,Active,Active,,2016,160900,125980,13127,244180,105433,220148,24032,33.94,3.65,9.43
52,Verizon,1983,0,0,Active,Active,,2015,177700,131620,17879,244175,103240,226333,17842,27.84,2.92,10.16
52,Verizon,1983,0,0,Active,Active,,2014,177300,127079,9625,232616,110536,218940,13676,27.79,4.12,7.22
52,Verizon,1983,0,0,Active,Active,,2013,176800,120550,11497,274098,89658,178682,95416,26.89,1.43,39.64
52,Verizon,1983,0,0,Active,Active,,2012,183400,115846,875,225222,47618,139689,85533,22.6,0.84,35.32
52,Verizon,1983,0,0,Active,Active,,2011,193900,110875,2404,230461,50303,144553,85908,19.12,1.84,12.62
52,Verizon,1983,0,0,Active,Active,,2010,194400,106565,2549,220005,45252,133093,86912,14.66,0.64,45.57
52,Verizon,1983,0,0,Active,Active,,2009,222900,107808,4894,226907,55051,142764,84143,14.15,1.28,11.05
53,Amscan,1947,0,0,Active,Active,,2004,0,0,0,614991,400782,0,0,0,0,0
53,Amscan,1947,0,0,Active,Active,,2000,2000,0,8116,280627,275904,0,0,0,0,0
53,Amscan,1947,0,0,Active,Active,,2003,0,0,17163,382102,295509,0,0,0,0,0
53,Amscan,1947,0,0,Active,Active,,2002,0,0,16465,372497,298640,0,0,0,0,0
53,Amscan,1947,0,0,Active,Active,,2001,0,0,11302,310474,282598,0,0,0,0,0
53,Amscan,1947,0,0,Active,Active,,1999,0,0,10207,263487,275141,0,0,0,0,0
54,Playmates Toys Limited,1966,0,0,Active,Active,,2024,67,931334,131628,1425132,11357,224010,1201122,0,0,0
54,Playmates Toys Limited,1966,0,0,Active,Active,,2023,0,1109399,223745,1568110,20229,404193,1163917,0,0,0
54,Playmates Toys Limited,1966,0,0,Active,Active,,2022,0,504248,9722,1177341,28437,190537,986804,0,0,0
54,Playmates Toys Limited,1966,0,0,Active,Active,,2021,0,625108,42981,1259026,22319,263828,995198,0,0,0
55,Coca-Cola,1886,0,0,Active,Active,,2024,69.7,47061000,10631000,100549000,44522000,74177000,24856000,0,0,0
55,Coca-Cola,1886,0,0,Active,Active,,2023,0,45754000,10714000,97703000,42064000,70223000,25941000,0,0,0
55,Coca-Cola,1886,0,0,Active,Active,,2022,0,43004000,9542000,92763000,39149000,66937000,24105000,0,0,0
55,Coca-Cola,1886,0,0,Active,Active,,2021,0,38655000,9771000,94354000,42761000,69494000,22999000,0,0,0
56,Ford Motor,1903,0,0,Active,Active,,2025,0,0,0,0,0,0,0,9.78,0,6.7
56,Ford Motor,1903,0,0,Active,Active,,2024,171000,184992,5879,285196,103573,240338,44858,10.96,1.07,10.76
56,Ford Motor,1903,0,0,Active,Active,,2023,177000,176191,4347,273310,99562,230512,42798,11.6,1.08,11.49
56,Ford Motor,1903,0,0,Active,Active,,2022,173000,158057,-1981,255884,88805,212717,43167,10.25,1.85,3
56,Ford Motor,1903,0,0,Active,Active,,2021,183000,136341,17937,257035,88400,208413,48622,12.26,1.74,10.81
56,Ford Motor,1903,0,0,Active,Active,,2020,186000,127144,-1279,267261,110341,236450,30811,5.2,-0.42,0
56,Ford Motor,1903,0,0,Active,Active,,2019,190000,155900,47,258537,101361,225307,33230,7.1,0.44,100.03
56,Ford Motor,1903,0,0,Active,Active,,2018,199000,160338,3677,256540,100720,220574,35966,6.92,1.52,4.73
56,Ford Motor,1903,0,0,Active,Active,,2017,202000,156776,7731,258496,102666,222890,35606,7.88,1.22,6.93
56,Ford Motor,1903,0,0,Active,Active,,2016,201000,151800,4589,237951,93301,208764,29187,7.93,1.76,4.76
56,Ford Motor,1903,0,0,Active,Active,,2015,199000,149558,7373,224925,89879,196268,28657,8.7,1.13,8.44
56,Ford Motor,1903,0,0,Active,Active,,2014,187000,144077,1231,208615,119171,184150,24465,9,1.37,7.17
56,Ford Motor,1903,0,0,Active,Active,,2013,181000,146917,11953,202179,114688,176034,26145,8.45,1.53,5.54
56,Ford Motor,1903,0,0,Active,Active,,2012,171000,133559,5613,189406,105058,173417,15989,6.07,3.75,2.19
56,Ford Motor,1903,0,0,Active,Active,,2011,164000,135605,20213,178348,99488,163277,15071,6.57,2.51,3.34
56,Ford Motor,1903,0,0,Active,Active,,2010,164000,128954,6561,164687,103988,165329,-642,6.91,1.69,4.12
56,Ford Motor,1903,0,0,Active,Active,,2009,198000,116283,2717,192040,131635,199822,-7782,5.35,0.63,8.49
57,Nestle,1867,0,0,Active,Active,,2024,0,91720000,10884000,139264000,63560000,102571000,35917000,0,0,0
57,Nestle,1867,0,0,Active,Active,,2023,0,93351000,11209000,126550000,55241000,90163000,35742000,0,0,0
57,Nestle,1867,0,0,Active,Active,,2022,275000,94780000,9270000,135182000,54312000,92390000,41982000,0,0,0
57,Nestle,1867,0,0,Active,Active,,2021,0,87470000,16905000,139142000,46574000,85415000,53140000,0,0,0
58,General Electric,1892,0,0,Active,Active,,2025,0,38702000,6556000,123140000,19273000,103575000,19342000,0,0,0
58,General Electric,1892,0,0,Active,Active,,2024,0,35348000,9482000,173300000,20525000,144695000,27403000,0,0,0
58,General Electric,1892,0,0,Active,Active,,2023,125000,29139000,336000,188851000,26148000,153939000,33696000,0,0,0
58,General Electric,1892,0,0,Active,Active,,2022,0,56469000,-6337000,198874000,38032000,157262000,40310000,0,0,0
59,Toyota,1937,0,0,Active,Active,,2025,0,0,0,0,0,0,0,181.48,0,10
59,Toyota,1937,0,0,Active,Active,,2024,380793,311158,34120,621789,145973,378637,243151,214.92,22.74,9.56
59,Toyota,1937,0,0,Active,Active,,2023,375235,274942,18140,549844,126352,333288,216555,161.37,18.35,9.01
59,Toyota,1937,0,0,Active,Active,,2022,372817,279278,25366,602430,136246,360752,241678,141.3,15.82,8.93
59,Toyota,1937,0,0,Active,Active,,2021,366283,255817,21105,585311,126407,357001,228310,159.34,18.98,8.46
59,Toyota,1937,0,0,Active,Active,,2020,359542,275356,19101,484660,98375,293873,190787,118.82,10.84,11.22
59,Toyota,1937,0,0,Active,Active,,2019,370870,272031,16946,467433,94959,286828,180604,111.72,12.91,8.73
59,Toyota,1937,0,0,Active,Active,,2018,369124,264416,22446,452774,90057,277903,174871,104.49,14.6,7.23
59,Toyota,1937,0,0,Active,Active,,2017,364445,256654,17029,453377,92178,279756,173621,93.26,12.11,7.73
59,Toyota,1937,0,0,Active,Active,,2016,348877,235746,19195,393649,81108,243517,150132,86.22,11.75,7.37
59,Toyota,1937,0,0,Active,Active,,2015,344109,247834,19777,434341,91131,273751,160591,97.4,12.07,8.07
59,Toyota,1937,0,0,Active,Active,,2014,338875,256919,18231,414375,85469,262185,152190,87.81,11.58,7.58
59,Toyota,1937,0,0,Active,Active,,2013,333498,234601,10230,377281,78020,241472,135809,84.97,9.16,9.48
59,Toyota,1937,0,0,Active,Active,,2012,325905,226106,3450,372928,73516,238283,134645,59.55,4.73,14.7
59,Toyota,1937,0,0,Active,Active,,2011,317716,228427,4909,358607,77561,227278,131329,51.26,1.95,28
59,Toyota,1937,0,0,Active,Active,,2010,320590,203687,2251,326196,75402,208715,117481,50.82,1.43,21.13
59,Toyota,1937,0,0,Active,Active,,2009,320808,208995,-4448,295857,64150,193432,102425,56.59,-2.23,0
60,CVS Health,1963,0,0,Active,Active,,2025,0,0,0,0,0,0,0,67.91,0,0
60,CVS Health,1963,0,0,Active,Active,,2024,3.00E+05,372809,4614,253215,60527,177485,75730,60.51,4.73,12.79
60,CVS Health,1963,0,0,Active,Active,,2023,3.00E+05,357776,8344,249728,58638,173092,76636,69.25,4.6,15.05
60,CVS Health,1963,0,0,Active,Active,,2022,3.00E+05,322467,4311,228275,50476,156506,71769,88.1,4.41,19.98
60,CVS Health,1963,0,0,Active,Active,,2021,3.00E+05,292111,8001,232999,51971,157618,75381,78.14,5.69,13.73
60,CVS Health,1963,0,0,Active,Active,,2020,3.00E+05,268706,7179,230715,59207,161014,69701,54.97,5.83,9.43
60,CVS Health,1963,0,0,Active,Active,,2019,290000,256776,6634,222449,64699,158279,64170,52.21,2.9,18
60,CVS Health,1963,0,0,Active,Active,,2018,295000,194579,-594,196456,71444,137913,58543,55.66,2.99,18.62
60,CVS Health,1963,0,0,Active,Active,,2017,246000,184786,6622,95131,22181,57436,37695,62.53,5.28,11.84
60,CVS Health,1963,0,0,Active,Active,,2016,250000,177546,5317,94462,25615,57628,36834,71.78,4.64,15.47
60,CVS Health,1963,0,0,Active,Active,,2015,243000,153290,5237,92437,26267,55234,37203,77.39,4.32,17.91
60,CVS Health,1963,0,0,Active,Active,,2014,217800,139367,4644,74187,11630,36224,37963,61.91,3.96,15.63
60,CVS Health,1963,0,0,Active,Active,,2013,208000,126761,4592,71526,12841,33588,37938,44.97,3.48,12.92
60,CVS Health,1963,0,0,Active,Active,,2012,203000,123120,3864,6622,9133,28568,37653,34.67,2.86,12.12
60,CVS Health,1963,0,0,Active,Active,,2011,202000,107080,3462,64543,9208,26492,38051,26.54,2.5,10.62
60,CVS Health,1963,0,0,Active,Active,,2010,201000,95778,3427,62169,8652,24469,37700,23.66,2.54,9.31
60,CVS Health,1963,0,0,Active,Active,,2009,211000,98215,3696,61641,8756,25873,35768,22.92,2.55,8.99
61,LG Display,1987,0,0,Active,Active,,2025,0,0,0,0,0,0,0,3.25,0,0
61,LG Display,1987,0,0,Active,Active,,2024,0,0,0,0,0,0,0,4.09,-2.15,-1.9
61,LG Display,1987,0,0,Active,Active,,2023,66418,17065,-2187,28607,9152,21591,7016,5.54,-4.36,-1.27
61,LG Display,1987,0,0,Active,Active,,2022,69656,18306,-2150,24980,6736,17057,7923,5.72,-0.67,-8.54
61,LG Display,1987,0,0,Active,Active,,2021,70707,26890,1068,34339,7832,21053,13286,9.5,1.44,6.6
61,LG Display,1987,0,0,Active,Active,,2020,63360,19384,-71,28057,8900,17868,10190,5.91,-2.49,-2.37
61,LG Display,1987,0,0,Active,Active,,2019,60429,18780,-2264,28460,9290,18469,9991,7.14,-1.32,-5.41
61,LG Display,1987,0,0,Active,Active,,2018,58947,22146,-189,30190,6398,16643,13546,9.06,0.22,41.18
61,LG Display,1987,0,0,Active,Active,,2017,53891,24588,1595,25800,3672,12545,13255,13.68,2.62,5.22
61,LG Display,1987,0,0,Active,Active,,2016,49094,23854,816,22396,3700,10280,12116,11.5,0.58,19.83
61,LG Display,1987,0,0,Active,Active,,2015,49205,25546,870,20319,2527,8885,11434,10.8,1.73,6.24
61,LG Display,1987,0,0,Active,Active,,2014,49421,26456,917,22967,3279,11184,11783,13.79,0.78,17.68
61,LG Display,1987,0,0,Active,Active,,2013,51205,24870,385,19978,2755,10044,9934,11.73,0.64,18.33
61,LG Display,1987,0,0,Active,Active,,2012,55621,26192,210,21765,3062,12652,9114,11.21,-0.51,-21.98
61,LG Display,1987,0,0,Active,Active,,2011,56029,22105,-717,22898,2133,13679,9219,11.25,-0.51,-22.06
61,LG Display,1987,0,0,Active,Active,,2010,46705,22960,1043,21472,851,11517,9955,15.9,2.18,7.29
61,LG Display,1987,0,0,Active,Active,,2009,1717,16491,867,15631,1661,7535,8096,15.58,1.25,12.46
62,Lions Gate Entertainment,1997,0,0,Active,Active,,2025,0,0,0,0,0,0,0,9.52,0,0
62,Lions Gate Entertainment,1997,0,0,Active,Active,,2024,1500,4017,-1115,7093,2165,7403,-311,8.93,-3.08,-2.9
62,Lions Gate Entertainment,1997,0,0,Active,Active,,2023,1448,3855,-2010,7426,2995,6640,786,9.82,-6.72,-1.46
62,Lions Gate Entertainment,1997,0,0,Active,Active,,2022,1466,3604,-188,8991,2852,6308,2683,9.68,-5,-1.94
62,Lions Gate Entertainment,1997,0,0,Active,Active,,2021,1443,3272,-19,8306,2861,5512,2795,16.62,-0.38,-43.74
62,Lions Gate Entertainment,1997,0,0,Active,Active,,2020,1415,3890,-188,7951,2761,5291,2660,8.59,-0.46,-18.67
62,Lions Gate Entertainment,1997,0,0,Active,Active,,2019,1686,3681,-284,8409,2994,5487,2922,11.95,-1.28,-9.34
62,Lions Gate Entertainment,1997,0,0,Active,Active,,2018,1427,4129,474,8968,2650,5811,3157,22.71,0.96,23.66
62,Lions Gate Entertainment,1997,0,0,Active,Active,,2017,795,3202,15,9197,3163,6683,2514,33.26,1.49,22.32
62,Lions Gate Entertainment,1997,0,0,Active,Active,,2016,719,2347,50,3834,877,2984,850,92.25,1.21,76.24
62,Lions Gate Entertainment,1997,0,0,Active,Active,,2015,665,2400,182,3292,1371,2450,842,65.84,2.15,30.62
62,Lions Gate Entertainment,1997,0,0,Active,Active,,2014,636,2630,152,2852,1079,2267,585,50.44,1.64,30.76
62,Lions Gate Entertainment,1997,0,0,Active,Active,,2013,607,2708,232,2761,656,2404,357,45.56,1.48,30.78
62,Lions Gate Entertainment,1997,0,0,Active,Active,,2012,486,1588,-39,2788,1147,2698,90,45.27,1.28,35.37
62,Lions Gate Entertainment,1997,0,0,Active,Active,,2011,497,1583,-30,1569,437,1430,139,39.25,1.97,19.92
62,Lions Gate Entertainment,1997,0,0,Active,Active,,2010,509,1490,-30,1527,544,1473,54,32.58,1.22,26.7
62,Lions Gate Entertainment,1997,0,0,Active,Active,,2009,2100000,1466,-178,1667,586,1626,42,28.72,0.81,35.46
63,Walmart,1962,0,0,Active,Active,,2025,2100000,680985,19436,260823,39324,163402,97421,22.56,1.39,16.23
63,Walmart,1962,0,0,Active,Active,,2024,2100000,648125,15511,252399,41841,162050,90349,19.59,1.53,12.8
63,Walmart,1962,0,0,Active,Active,,2023,2300000,611289,11680,243197,39492,159443,83754,20.11,1.62,12.41
63,Walmart,1962,0,0,Active,Active,,2022,2300000,572754,13673,244860,39107,152969,91891,20.45,1.62,12.62
63,Walmart,1962,0,0,Active,Active,,2021,2200000,559151,13510,252496,45041,164965,87531,19.84,1.7,11.67
63,Walmart,1962,0,0,Active,Active,,2020,2200000,523964,14881,236495,48021,154943,81552,17.28,1.56,11.08
63,Walmart,1962,0,0,Active,Active,,2019,2300000,514405,6670,219295,50203,139661,79634,13.75,1.54,8.93
63,Walmart,1962,0,0,Active,Active,,2018,2300000,500343,9862,204522,36825,123700,80822,12.93,1.29,10.02
63,Walmart,1962,0,0,Active,Active,,2017,2300000,485873,13643,198825,42018,118290,80535,11.93,1.15,10.37
63,Walmart,1962,0,0,Active,Active,,2016,2200000,482130,14694,199581,44030,115970,83611,0,0,0
63,Walmart,1962,0,0,Active,Active,,2015,2200000,485651,16363,203490,43495,117553,85937,0,0,0
63,Walmart,1962,0,0,Active,Active,,2014,2200000,476294,16022,204751,44559,123412,81339,0,0,0
63,Walmart,1962,0,0,Active,Active,,2013,2200000,468651,16999,203105,41417,121367,81738,0,0,0
63,Walmart,1962,0,0,Active,Active,,2012,2100000,446509,15699,193406,47079,117645,75761,0,0,0
63,Walmart,1962,0,0,Active,Active,,2011,2100000,421849,16389,180782,43842,109535,71247,0,0,0
63,Walmart,1962,0,0,Active,Active,,2010,2100000,408085,14370,170407,36401,97759,72648,0,0,0
63,Walmart,1962,0,0,Active,Active,,2009,211826,404254,13381,163429,34549,96350,67079,0,0,0
64,Fujifilm,1934,0,0,Active,Active,,2024,73164,2960916000,243509000,4783460000,691357000,1610145000,3169247000,0,0,0
64,Fujifilm,1934,0,0,Active,Active,,2023,0,2859041000,219422000,4134311000,536900000,1346451000,2763145000,0,0,0
64,Fujifilm,1934,0,0,Active,Active,,2022,0,2525773000,211180000,3955280000,588820000,1430340000,2502657000,0,0,0
64,Fujifilm,1934,0,0,Active,Active,,2021,0,2192519000,181205000,3549203000,609576000,1327046000,2204566000,0,0,0
65,Dollar Tree,1986,0,0,Active,Active,,2025,0,0,0,0,0,0,0,64.59,0,0
65,Dollar Tree,1986,0,0,Active,Active,,2024,211826,30604,-998,22024,3426,14710,7313,104.46,-4.72,-22.13
65,Dollar Tree,1986,0,0,Active,Active,,2023,207548,28332,1615,23022,3422,14271,8752,142.33,6.04,23.56
65,Dollar Tree,1986,0,0,Active,Active,,2022,210565,26321,1328,21722,3417,14003,7719,154.38,6.62,23.32
65,Dollar Tree,1986,0,0,Active,Active,,2021,199327,25509,1342,20696,3226,13411,7285,106.03,6.04,17.55
65,Dollar Tree,1986,0,0,Active,Active,,2020,193100,23611,827,19575,3522,13320,6255,87.6,3.67,23.87
65,Dollar Tree,1986,0,0,Active,Active,,2019,182100,22823,-1591,13501,4265,7858,5643,105.06,-6.54,-16.06
65,Dollar Tree,1986,0,0,Active,Active,,2018,176100,22246,1714,16333,4762,9151,7182,96.62,7.2,13.42
65,Dollar Tree,1986,0,0,Active,Active,,2017,176800,20719,896,15702,6170,10312,5390,80.82,3.88,20.83
65,Dollar Tree,1986,0,0,Active,Active,,2016,167800,15498,282,15901,7238,11494,4407,83.22,2.36,35.26
65,Dollar Tree,1986,0,0,Active,Active,,2015,90000,8602,599,3493,683,1708,1785,72.76,2.05,35.49
65,Dollar Tree,1986,0,0,Active,Active,,2014,87400,7840,597,2772,757,1601,1171,54.41,2.84,19.16
65,Dollar Tree,1986,0,0,Active,Active,,2013,81920,7395,619,2752,257,1085,1667,49.9,2.77,18.01
65,Dollar Tree,1986,0,0,Active,Active,,2012,72770,6631,488,2329,250,984,1345,45.86,2.22,20.66
65,Dollar Tree,1986,0,0,Active,Active,,2011,63860,5882,397,2381,250,922,1459,31.78,1.75,18.16
65,Dollar Tree,1986,0,0,Active,Active,,2010,54480,5231,321,2290,250,861,1429,21.14,1.28,16.52
65,Dollar Tree,1986,0,0,Active,Active,,2009,45840,4645,230,2036,250,783,1253,15.04,1.07,14.06
66,Netflix,1997,0,0,Active,Active,,2025,0,0,0,0,0,0,0,959.49,0,0
66,Netflix,1997,0,0,Active,Active,,2024,14000,39001,8712,53630,13798,28887,24744,720.7,16.98,42.44
66,Netflix,1997,0,0,Active,Active,,2023,13000,33723,5408,48732,14143,28144,20588,412.61,10.18,40.53
66,Netflix,1997,0,0,Active,Active,,2022,12800,31616,4492,48595,14353,27817,20777,269.94,10.84,24.9
66,Netflix,1997,0,0,Active,Active,,2021,11300,29698,5116,44585,14693,28735,15849,565.66,10.06,56.23
66,Netflix,1997,0,0,Active,Active,,2020,9400,24996,2761,39280,15809,28215,11065,467.82,5.79,80.8
66,Netflix,1997,0,0,Active,Active,,2019,8600,20156,1867,33976,14759,26394,7582,328.77,3.15,104.37
66,Netflix,1997,0,0,Active,Active,,2018,7300,15794,1211,25974,10360,20736,5239,353.64,2.16,163.72
66,Netflix,1997,0,0,Active,Active,,2017,5500,11693,559,19013,6499,15431,3582,167.63,0.96,174.61
66,Netflix,1997,0,0,Active,Active,,2016,4700,8831,187,13587,3364,10907,2680,104.02,0.35,297.2
66,Netflix,1997,0,0,Active,Active,,2015,3700,6780,123,10203,2371,7979,2223,92.75,0.41,226.22
66,Netflix,1997,0,0,Active,Active,,2014,2189,5505,267,7043,886,5185,1858,56.62,0.5,113.24
66,Netflix,1997,0,0,Active,Active,,2013,2022,4375,112,5413,500,4079,1334,38.49,0.15,256.6
66,Netflix,1997,0,0,Active,Active,,2012,2045,3609,17,3968,400,3223,745,11.8,0.22,53.64
66,Netflix,1997,0,0,Active,Active,,2011,2348,3205,226,3069,400,2426,643,24.4,0.58,42.07
66,Netflix,1997,0,0,Active,Active,,2010,2180,2163,161,982,200,692,290,18.58,0.37,50.22
66,Netflix,1997,0,0,Active,Active,,2009,1883,1670,116,680,237,481,199,7.87,0.28,28.11
67,Apple,1976,0,0,Active,Active,,2025,0,0,0,0,0,0,0,215.24,0,0
67,Apple,1976,0,0,Active,Active,,2024,164000,391035,93736,364980,85750,308030,56950,216.04,6.34,34.08
67,Apple,1976,0,0,Active,Active,,2023,161000,383285,96995,352583,95281,290437,62146,179.43,6.1,29.41
67,Apple,1976,0,0,Active,Active,,2022,164000,394328,99803,352755,98959,302083,50672,143.01,6.06,23.6
67,Apple,1976,0,0,Active,Active,,2021,154000,365817,94680,351002,109106,287912,63090,141.93,5.31,26.73
67,Apple,1976,0,0,Active,Active,,2020,147000,274515,57411,323888,98667,258549,65339,98.36,3.36,29.27
67,Apple,1976,0,0,Active,Active,,2019,137000,260174,55256,338516,91807,248028,90488,54.62,3.01,18.15
67,Apple,1976,0,0,Active,Active,,2018,132000,265595,59531,365725,93735,258578,107147,43.72,2.84,15.39
67,Apple,1976,0,0,Active,Active,,2017,123000,229234,48351,375319,97207,241272,134047,35.74,2.27,15.74
67,Apple,1976,0,0,Active,Active,,2016,116000,215639,45687,321686,75427,193437,128249,24.89,2.14,11.63
67,Apple,1976,0,0,Active,Active,,2015,110000,233715,53394,290345,53329,170990,119355,26.15,2.21,11.83
67,Apple,1976,0,0,Active,Active,,2014,97000,182795,39510,231839,28987,120292,111547,21.06,1.63,12.92
67,Apple,1976,0,0,Active,Active,,2013,84400,170910,37037,207000,16960,83451,123549,14.49,1.45,9.99
67,Apple,1976,0,0,Active,Active,,2012,76100,156508,41733,176064,0,57854,118210,18,1.54,11.69
67,Apple,1976,0,0,Active,Active,,2011,63300,108249,25922,116371,0,39756,76615,11.07,0.97,11.41
67,Apple,1976,0,0,Active,Active,,2010,49400,65225,14013,75183,0,27392,47791,8.23,0.5,16.46
67,Apple,1976,0,0,Active,Active,,2009,36800,42905,8235,47501,0,15861,31640,6.35,0.31,20.48
68,Barnes & Noble Education,2015,0,0,Active,Active,,2025,0,0,0,0,0,0,0,10.68,-15.5,0
68,Barnes & Noble Education,2015,0,0,Active,Active,,2024,3750,1567,-63,905,196,835,71,31.49,-64.39,0.26
68,Barnes & Noble Education,2015,0,0,Active,Active,,2023,4620,1543,-102,981,182,850,131,159,-174.75,0
68,Barnes & Noble Education,2015,0,0,Active,Active,,2022,4600,1496,-69,1072,186,843,228,364,-160.5,0
68,Barnes & Noble Education,2015,0,0,Active,Active,,2021,4095,1407,-140,1031,128,738,293,812.5,-251,0
68,Barnes & Noble Education,2015,0,0,Active,Active,,2020,5500,1851,-38,1156,100,739,418,241.25,-114,0
68,Barnes & Noble Education,2015,0,0,Active,Active,,2019,6000,2035,-24,946,34,496,451,440.75,-24.5,1.76
68,Barnes & Noble Education,2015,0,0,Active,Active,,2018,6600,2204,-253,1039,96,571,468,629.25,-547,0
68,Barnes & Noble Education,2015,0,0,Active,Active,,2017,6700,1874,5,1300,60,586,714,828.5,12,77.69
68,Barnes & Noble Education,2015,0,0,Active,Active,,2016,5500,1808,0,1072,0,363,708,1007.67,-7.67,0
68,Barnes & Noble Education,2015,0,0,Active,Active,,2015,5300,1773,13,1091,0,364,727,0,0,0
68,Barnes & Noble Education,2015,0,0,Active,Active,,2014,0,1748,33,1144,0,719,425,0,0,0
68,Barnes & Noble Education,2015,0,0,Active,Active,,2013,0,1763,29,0,0,0,0,0,0,0
69,Books-A-Million (Bam),1917,0,0,Active,Active,,2015,5000,5.88,8.94,274.8,5.88,157.69,117.12,0,0,0
69,Books-A-Million (Bam),1917,0,0,Active,Active,,2014,0,5.45,-2.82,296.15,5.45,181.56,114.59,0,0,0
69,Books-A-Million (Bam),1917,0,0,Active,Active,,2013,0,5.93,2.55,286.47,5.93,169.95,116.52,0,0,0
69,Books-A-Million (Bam),1917,0,0,Active,Active,,2012,0,18.86,-7.58,302.73,18.86,190.74,111.99,0,0,0
69,Books-A-Million (Bam),1917,0,0,Active,Active,,2011,0,25.53,3.54,294.25,25.53,180.99,113.26,0,0,0
70,Waterstones,1982,0,0,Active,Active,,2024,600,202,19,2210,2210,1870,339,0,0,0
70,Waterstones,1982,0,0,Active,Active,,2023,698,180,9,2213,2213,1869,344,0,0,0
70,Waterstones,1982,0,0,Active,Active,,2022,742,176,19,2032,2032,1661,370,0,0,0
70,Waterstones,1982,0,0,Active,Active,,2021,870,273,71,2216,2216,1783,433,0,0,0
70,Waterstones,1982,0,0,Active,Active,,2020,812,323,81,2185,2185,1771,413,0,0,0
70,Waterstones,1982,0,0,Active,Active,,2019,824,210,36,1996,1996,1603,394,0,0,0
70,Waterstones,1982,0,0,Active,Active,,2018,888,192,31,1915,1915,1516,400,0,0,0
70,Waterstones,1982,0,0,Active,Active,,2017,927,192,26,1806,1806,1394,412,0,0,0
70,Waterstones,1982,0,0,Active,Active,,2016,895,190,26,1791,1791,1380,411,0,0,0
70,Waterstones,1982,0,0,Active,Active,,2015,770,166,17,1763,1763,1371,392,0,0,0
70,Waterstones,1982,0,0,Active,Active,,2014,731,148,13,1783,1783,1333,450,0,0,0
70,Waterstones,1982,0,0,Active,Active,,2013,849,151,15,1947,1947,1733,214,0,0,0
70,Waterstones,1982,0,0,Active,Active,,2012,726,161,35,1661,1661,1458,203,0,0,0
70,Waterstones,1982,0,0,Active,Active,,2011,574,123,-7,1713,1713,1546,166,0,0,0
70,Waterstones,1982,0,0,Active,Active,,2010,595,129,-2,1809,1809,1637,172,0,0,0
70,Waterstones,1982,0,0,Active,Active,,2009,518,111,-10,1868,1868,1700,169,0,0,0
71,Indigo Books And Music,1996,0,0,Active,Active,,2023,0,1058,-49.57,738.08,0,758.06,-19.98,0,0,0
71,Indigo Books And Music,1996,0,0,Active,Active,,2022,0,1062,3.27,809.37,497.45,781.55,27.82,0,0,0
71,Indigo Books And Music,1996,0,0,Active,Active,,2021,0,905,-57.87,799.49,517.18,776.91,22.58,0,0,0
71,Indigo Books And Music,1996,0,0,Active,Active,,2020,0,958,-185,882.97,550.27,798.97,84.01,0,0,0
71,Indigo Books And Music,1996,0,0,Active,Active,,2019,0,1047,-36.8,610.46,568.62,240.35,370.12,0,0,0
72,Harley-Davidson,1903,0,0,Active,Active,,2025,0,0,0,0,0,0,0,23.09,0,6.93
72,Harley-Davidson,1903,0,0,Active,Active,,2024,5900,5187,455,11882,4469,8723,3159,35.95,4.3,8.45
72,Harley-Davidson,1903,0,0,Active,Active,,2023,6400,5836,707,12141,4991,8888,3252,34.57,5.16,6.72
72,Harley-Davidson,1903,0,0,Active,Active,,2022,6300,5755,741,11492,4457,8586,2907,35.06,4.47,7.9
72,Harley-Davidson,1903,0,0,Active,Active,,2021,5800,5336,650,11051,4596,8498,2553,37.47,3,15.58
72,Harley-Davidson,1903,0,0,Active,Active,,2020,4600,4054,1,12011,5933,10288,1723,24.06,0.88,21
72,Harley-Davidson,1903,0,0,Active,Active,,2019,5000,5362,424,10528,5125,8724,1804,32.51,2.72,11.98
72,Harley-Davidson,1903,0,0,Active,Active,,2018,5300,5717,531,10666,4888,8892,1774,35.45,3.06,11.59
72,Harley-Davidson,1903,0,0,Active,Active,,2017,5200,5647,522,9973,4587,8128,1844,44.62,3.28,13.6
72,Harley-Davidson,1903,0,0,Active,Active,,2016,5400,5996,692,9890,4667,7970,1920,42.25,3.78,11.18
72,Harley-Davidson,1903,0,0,Active,Active,,2015,5700,5995,752,9973,4832,8133,1840,42.93,3.76,11.39
72,Harley-Davidson,1903,0,0,Active,Active,,2014,5900,6229,845,9528,3762,6619,2909,50.48,3.78,13.38
72,Harley-Davidson,1903,0,0,Active,Active,,2013,5800,5900,734,9405,3417,6396,3009,46.12,3.14,14.64
72,Harley-Davidson,1903,0,0,Active,Active,,2012,5800,5581,624,9171,4371,6613,2558,34.99,2.85,12.31
72,Harley-Davidson,1903,0,0,Active,Active,,2011,6600,5312,599,9674,3844,7254,2420,29.07,1.74,19.18
72,Harley-Davidson,1903,0,0,Active,Active,,2010,6900,4859,147,9431,4521,7224,2207,20.8,-0.12,10.3
72,Harley-Davidson,1903,0,0,Active,Active,,2009,7300,4782,-55,9156,4114,7047,2108,18.31,-0.25,0
73,Ducati,1926,0,0,Active,Active,,2024,1862,1,91,0,0,0,0,9.1,0,0
73,Ducati,1926,0,0,Active,Active,,2023,0,1.07,112,0,0,0,0,10.5,0,0
73,Ducati,1926,0,0,Active,Active,,2022,0,676,0,105,0,0,0,0,0,0
74,Honda,1948,0,0,Active,Active,,2025,0,0,0,0,0,0,0,29.68,0,8.2
74,Honda,1948,0,0,Active,Active,,2024,194993,140959,7640,205442,41800,115701,89741,32.21,4.34,7.45
74,Honda,1948,0,0,Active,Active,,2023,197039,125117,4820,182559,32367,97442,85117,29.3,3.84,7.68
74,Honda,1948,0,0,Active,Active,,2022,218674,129519,6293,213361,44360,117485,95876,22.55,3.27,6.9
74,Honda,1948,0,0,Active,Active,,2021,211374,123803,6180,206058,44324,117953,88105,27.36,4.47,6.22
74,Honda,1948,0,0,Active,Active,,2020,218674,137365,4193,188246,38835,112014,76231,21.9,1.76,14.03
74,Honda,1948,0,0,Active,Active,,2019,219722,142998,5493,183772,37281,106680,77092,22.89,2.76,8.37
74,Honda,1948,0,0,Active,Active,,2018,215638,138250,9534,174143,34936,100036,74107,24.9,5.06,5.01
74,Honda,1948,0,0,Active,Active,,2017,211915,130193,5734,176311,37406,105913,70398,24.41,3.7,6.79
74,Honda,1948,0,0,Active,Active,,2016,208399,121190,2860,151303,31014,92939,58364,21.33,1.86,11.62
74,Honda,1948,0,0,Active,Active,,2015,204730,121286,4636,167675,35729,100491,67184,23.26,2.56,9.09
74,Honda,1948,0,0,Active,Active,,2014,198561,118425,5741,156220,32341,95086,61134,23.68,3.21,7.36
74,Honda,1948,0,0,Active,Active,,2013,190338,119523,4443,164988,32801,102095,62893,26.32,2.42,10.88
74,Honda,1948,0,0,Active,Active,,2012,0,100941,2820,149616,28385,92106,57509,22.85,2.12,11.31
74,Honda,1948,0,0,Active,Active,,2011,179060,107242,6762,138851,24519,83856,54995,21.12,2.06,11.43
74,Honda,1948,0,0,Active,Active,,2010,0,92655,3052,125594,24981,77465,48129,20.93,1.59,47.74
74,Honda,1948,0,0,Active,Active,,2009,181876,0,1395,44228,0,57559,-10920,19.9,0.15,132.66
75,Yamaha,1955,0,0,Active,Active,,2024,0,2576179,15679,2783501,0,1556915,1226586,0,0,0
75,Yamaha,1955,0,0,Active,Active,,2023,52554,2414759,9932,2563561,0,1429202,1134359,0,0,0
75,Yamaha,1955,0,0,Active,Active,,2018,0,0,54378,560184,0,101953,2965437,0,0,0
75,Yamaha,1955,0,0,Active,Active,,2017,0,0,46719,522362,0,82565,295507,0,0,0
75,Yamaha,1955,0,0,Active,Active,,2016,0,0,32633,469745,0,75459,0,0,0,0
75,Yamaha,1955,0,0,Active,Active,,2015,0,0,24929,530034,0,80976,0,0,0,0
75,Yamaha,1955,0,0,Active,Active,,2014,0,0,22898,438932,0,73145,0,0,0,0
75,Yamaha,1955,0,0,Active,Active,,2013,0,0,4122,390610,0,71550,0,0,0,0
75,Yamaha,1955,0,0,Active,Active,,2012,0,0,-29381,366610,0,72829,0,0,0,0
75,Yamaha,1955,0,0,Active,Active,,2011,0,0,5078,390852,0,74836,0,0,0,0
75,Yamaha,1955,0,0,Active,Active,,2010,0,0,-4921,402152,0,75182,0,0,0,0
75,Yamaha,1955,0,0,Active,Active,,2009,0,0,-20615,408974,0,90050,0,0,0,0
75,Yamaha,1955,0,0,Active,Active,,2008,0,0,39558,540347,0,120174,0,0,0,0
76,Kawasaki,1896,0,0,Active,Active,,2024,0,0,0,2680176,220194,2025626,654549,0,0,0
76,Kawasaki,1896,0,0,Active,Active,,2023,0,1849287,4670,2457725,211080,1860852,596872,0,0,0
76,Kawasaki,1896,0,0,Active,Active,,2022,38.25,1725609,15058,2174630,214497,1649738,524891,0,0,0
76,Kawasaki,1896,0,0,Active,Active,,2021,0,1500879,12834,0,0,0,0,0,0,0
77,Fedex,1971,0,0,Active,Active,,2025,0,0,0,0,0,0,0,236.26,15.94,14.82
77,Fedex,1971,0,0,Active,Active,,2024,430000,87693,4331,87007,20135,59425,27582,271.3,16.62,16.42
77,Fedex,1971,0,0,Active,Active,,2023,529000,90155,3972,87143,20453,61055,26088,226.55,15.09,15.12
77,Fedex,1971,0,0,Active,Active,,2022,249000,93512,3826,85994,20182,61055,24939,197.51,14.91,13.47
77,Fedex,1971,0,0,Active,Active,,2021,289000,83959,5231,82777,20733,58609,24168,247.24,16.93,15.2
77,Fedex,1971,0,0,Active,Active,,2020,245000,69217,1286,73537,21952,55242,18295,178.72,4.86,20.77
77,Fedex,1971,0,0,Active,Active,,2019,239000,69693,540,54403,16617,36646,17757,147.44,4.3,217.17
77,Fedex,1971,0,0,Active,Active,,2018,227000,65450,4572,52330,15243,32914,19416,215.64,17.29,12.51
77,Fedex,1971,0,0,Active,Active,,2017,169000,60319,2997,48552,14909,32479,16073,183.77,9.89,19.07
77,Fedex,1971,0,0,Active,Active,,2016,168000,50365,1820,45959,13733,32175,13784,144.05,5.87,25.61
77,Fedex,1971,0,0,Active,Active,,2015,166000,47453,1050,36531,7249,21538,14993,143.18,4.73,35.47
77,Fedex,1971,0,0,Active,Active,,2014,162000,45567,2324,33070,4736,17793,15277,130.43,6.84,19.24
77,Fedex,1971,0,0,Active,Active,,2013,160700,44287,2716,33567,2739,16169,17398,96.29,5.2,18.56
77,Fedex,1971,0,0,Active,Active,,2012,149000,42680,2032,29903,1250,15176,14727,76.16,6.36,11.97
77,Fedex,1971,0,0,Active,Active,,2011,143000,39304,1452,27385,1667,12165,15220,73.35,4.77,15.62
77,Fedex,1971,0,0,Active,Active,,2010,141000,34734,1184,24902,1668,11091,13811,71.26,2.99,13.04
77,Fedex,1971,0,0,Active,Active,,2009,140000,35497,98,24244,1930,10618,13626,71.08,-0.83,0
78,Samsung Galaxy ,2009,0,0,Active,Active,Product line of Samsung,2024,0,3.01E+11,33621363000,5.15E+11,19330184000,1.12E+11,3.92E+11,0,0,0
78,Samsung Galaxy ,2009,0,0,Active,Active,Product line of Samsung,2023,270320,2.59E+11,14473401000,4.56E+11,12685944000,92228115000,3.53E+11,0,0,0
78,Samsung Galaxy ,2009,0,0,Active,Active,Product line of Samsung,2022,0,3.02E+11,54730018000,4.48E+11,10333242000,93674903000,3.45E+11,0,0,0
78,Samsung Galaxy ,2009,0,0,Active,Active,Product line of Samsung,2021,0,2.80E+11,39243791000,4.27E+11,18392149000,1.22E+11,2.96E+11,0,0,0
79,Dell,1984,0,0,Active,Active,,2025,108000,95567,4592,79746,19363,81133,-1387,96.05,6.22,15.44
79,Dell,1984,0,0,Active,Active,,2024,120000,88425,3388,82126,19012,84258,-2132,109.52,5.09,21.45
79,Dell,1984,0,0,Active,Active,,2023,133000,102301,2442,89611,23015,92636,-3025,49.28,3.02,16.42
79,Dell,1984,0,0,Active,Active,,2022,133000,101197,5563,92735,21131,94315,-1580,43.7,5.91,8.7
79,Dell,1984,0,0,Active,Active,,2021,158000,86670,3250,123415,32865,115862,7553,44.21,5.7,8.09
79,Dell,1984,0,0,Active,Active,,2020,165000,84815,4616,118861,44319,115706,3155,24.75,4.64,6.45
79,Dell,1984,0,0,Active,Active,,2019,157000,90621,-2310,111820,49201,112762,-942,26.52,-0.58,3.91
79,Dell,1984,0,0,Active,Active,,2018,145000,79040,-2849,124193,43998,106708,17485,21.14,-6.32,0
79,Dell,1984,0,0,Active,Active,,2017,138000,62164,-1167,118206,43061,99197,19009,19.05,-8.48,0
79,Dell,1984,0,0,Active,Active,,2016,101800,50911,-1104,45122,10650,43656,1466,0,0,0
79,Dell,1984,0,0,Active,Active,,2015,0,54142,-1221,48192,11234,45288,2904,0,0,0
79,Dell,1984,0,0,Active,Active,,2014,0,14075,-1612,0,0,0,0,0,0,0
80,Alphabet (Google),1998,0,0,Active,Active,,2024,183323,350018,100118,450256,10883,125172,325084,0,0,0
80,Alphabet (Google),1998,0,0,Active,Active,,2023,182502,307394,73795,402392,11870,119013,283379,0,0,0
80,Alphabet (Google),1998,0,0,Active,Active,,2022,190234,282836,59972,365264,14701,109120,256144,0,0,0
80,Alphabet (Google),1998,0,0,Active,Active,,2021,156500,257637,76033,359268,14817,107633,251635,0,0,0
80,Alphabet (Google),1998,0,0,Active,Active,,2020,135301,182527,40269,319616,13932,97072,222544,0,0,0
80,Alphabet (Google),1998,0,0,Active,Active,,2019,118899,161857,34343,275909,4554,74467,201442,0,0,0
80,Alphabet (Google),1998,0,0,Active,Active,,2018,98771,136819,30736,232792,4012,55164,177628,0,0,0
80,Alphabet (Google),1998,0,0,Active,Active,,2017,80110,110855,12662,197295,3969,44793,152502,0,0,0
80,Alphabet (Google),1998,0,0,Active,Active,,2016,72053,90272,19478,167497,3935,28461,139036,0,0,0
80,Alphabet (Google),1998,0,0,Active,Active,,2015,61814,74989,15826,147461,1995,27130,120331,0,0,0
80,Alphabet (Google),1998,0,0,Active,Active,,2014,53600,66001,14136,129187,3228,25327,103860,0,0,0
80,Alphabet (Google),1998,0,0,Active,Active,,2013,47756,55519,12733,110920,2236,23611,87309,0,0,0
80,Alphabet (Google),1998,0,0,Active,Active,,2012,53861,46039,10737,93798,2988,22083,71715,0,0,0
80,Alphabet (Google),1998,0,0,Active,Active,,2011,32467,37905,9737,72574,2986,14429,58145,0,0,0
80,Alphabet (Google),1998,0,0,Active,Active,,2010,24400,29321,8505,57851,0,11610,46241,0,0,0
80,Alphabet (Google),1998,0,0,Active,Active,,2009,19835,23651,6520,40497,0,4493,36004,0,0,0
81,Zara,1975,0,0,Active,Active,,2023,161.28,71.89,5.41,210.53,18.17,42.55,167.98,0,0,0
81,Zara,1975,0,0,Active,Active,,2022,0,65.24,3.63,206.14,18.91,43.93,162.21,0,0,0
81,Zara,1975,0,0,Active,Active,,2021,0,33.36,-6.13,198.33,12.89,38.69,159.63,0,0,0
81,Zara,1975,0,0,Active,Active,,2020,0,24.46,-14.1,190.56,6.24,23.98,166.58,0,0,0
81,Zara,1975,0,0,Active,Active,,2019,0,73.78,5.92,211.17,3.14,22.29,188.88,0,0,0
82,Alaska Airlines,1932,0,0,Active,Active,,2025,0,0,0,0,0,0,0,46.11,0,15.12
82,Alaska Airlines,1932,0,0,Active,Active,,2024,33941,11735,395,19768,4538,15396,4372,48.34,2.28,21.48
82,Alaska Airlines,1932,0,0,Active,Active,,2023,26043,10426,235,14613,2182,10500,4113,42.82,1.38,43.65
82,Alaska Airlines,1932,0,0,Active,Active,,2022,25469,9646,58,14186,1883,10370,3816,45.04,1.53,59.56
82,Alaska Airlines,1932,0,0,Active,Active,,2021,22833,6176,478,13951,3452,10150,3801,60.06,-2.67,95.02
82,Alaska Airlines,1932,0,0,Active,Active,,2020,22000,3566,-1324,14046,2357,11058,2988,38.34,-2.86,21.36
82,Alaska Airlines,1932,0,0,Active,Active,,2019,24000,8781,769,12993,1264,8662,4331,62.34,4.68,13.71
82,Alaska Airlines,1932,0,0,Active,Active,,2018,23376,8264,437,10912,1617,7161,3751,60.87,6.02,10.98
82,Alaska Airlines,1932,0,0,Active,Active,,2017,23156,7894,960,10746,2262,7286,3460,78.58,6.64,12.16
82,Alaska Airlines,1932,0,0,Active,Active,,2016,19112,5925,797,9962,2645,7031,2931,68.87,6.95,9.98
82,Alaska Airlines,1932,0,0,Active,Active,,2015,15143,5598,848,6530,569,4119,2411,66.92,5.76,11.63
82,Alaska Airlines,1932,0,0,Active,Active,,2014,13952,5368,605,6064,686,3937,2127,44.98,3.69,12.31
82,Alaska Airlines,1932,0,0,Active,Active,,2013,13177,5156,508,5838,754,3809,2029,28.39,2.37,12.01
82,Alaska Airlines,1932,0,0,Active,Active,,2012,12932,4657,316,5505,871,4084,1421,16.84,1.92,9.05
82,Alaska Airlines,1932,0,0,Active,Active,,2011,0,4318,245,5167,1099,3993,1174,14.8,1.87,8.03
82,Alaska Airlines,1932,0,0,Active,Active,,2010,0,3832,251,5017,1313,3911,1105,10.9,1.35,8.21
82,Alaska Airlines,1932,0,0,Active,Active,,2009,0,3400,122,4996,1699,4124,872,7.77,0.85,9.14
83,J & J Snack Foods JJSF,1971,0,0,Active,Active,,2025,0,0,0,0,0,0,0,136.01,0,31.34
83,J & J Snack Foods JJSF,1971,0,0,Active,Active,,2024,5000,1575,87,1365,0,408,957,156.55,4.43,35.32
83,J & J Snack Foods JJSF,1971,0,0,Active,Active,,2023,5000,1559,79,1277,28,366,912,154.48,3.5,45.69
83,J & J Snack Foods JJSF,1971,0,0,Active,Active,,2022,5000,1381,47,1217,55,354,863,136.47,2.62,53.05
83,J & J Snack Foods JJSF,1971,0,0,Active,Active,,2021,4300,1145,56,1122,0,277,846,150.05,2.16,446.53
83,J & J Snack Foods JJSF,1971,0,0,Active,Active,,2020,4100,1022,18,1057,0,247,809,122.88,1.83,292.81
83,J & J Snack Foods JJSF,1971,0,0,Active,Active,,2019,4600,1186,95,1019,1,186,834,157.73,4.87,32.35
83,J & J Snack Foods JJSF,1971,0,0,Active,Active,,2018,4500,1138,104,932,1,173,759,130.8,5.28,24.96
83,J & J Snack Foods JJSF,1971,0,0,Active,Active,,2017,4200,1084,79,867,1,185,682,121.73,4.44,27.66
83,J & J Snack Foods JJSF,1971,0,0,Active,Active,,2016,3600,993,76,790,1,153,638,104.77,3.99,26.25
83,J & J Snack Foods JJSF,1971,0,0,Active,Active,,2015,3400,976,70,740,1,140,600,96.36,3.81,25.28
83,J & J Snack Foods JJSF,1971,0,0,Active,Active,,2014,3400,919,72,705,0,142,563,83.32,3.73,22.34
83,J & J Snack Foods JJSF,1971,0,0,Active,Active,,2013,3400,868,64,646,0,129,517,67.92,3.39,20.04
83,J & J Snack Foods JJSF,1971,0,0,Active,Active,,2012,3200,831,54,603,0,128,475,48.34,2.9,16.71
83,J & J Snack Foods JJSF,1971,0,0,Active,Active,,2011,3100,744,55,551,1,118,432,40.77,2.83,14.42
83,J & J Snack Foods JJSF,1971,0,0,Active,Active,,2010,2700,697,48,484,1,103,381,35.77,2.53,14.12
83,J & J Snack Foods JJSF,1971,0,0,Active,Active,,2009,2700,653,41,440,0,97,343,32.33,2.36,13.7
84,Nike,1964,0,0,Active,Active,,2025,0,0,0,0,0,0,0,68.22,3.01,22.66
84,Nike,1964,0,0,Active,Active,,2024,79400,51362,5700,38110,7903,23680,14430,88.76,3.46,25.63
84,Nike,1964,0,0,Active,Active,,2023,83700,51217,5070,37531,8927,23527,14004,105.74,3.34,31.64
84,Nike,1964,0,0,Active,Active,,2022,79100,46710,6046,40321,8920,25040,15281,113,3.66,30.84
84,Nike,1964,0,0,Active,Active,,2021,73300,44538,5727,37740,9413,24973,12767,144.12,3.32,45.2
84,Nike,1964,0,0,Active,Active,,2020,75400,37403,2539,31342,9406,23287,8055,102.65,1.93,56.55
84,Nike,1964,0,0,Active,Active,,2019,76700,39117,4029,23717,3464,14677,9040,79.68,2.65,30.08
84,Nike,1964,0,0,Active,Active,,2018,73100,36397,1933,22536,3468,12724,9812,68.44,1.19,57.48
84,Nike,1964,0,0,Active,Active,,2017,74400,34350,4240,23259,3471,10852,12407,50.94,2.39,21.34
84,Nike,1964,0,0,Active,Active,,2016,70700,32376,3760,21379,1993,9121,12258,50.5,2.2,22.96
84,Nike,1964,0,0,Active,Active,,2015,62600,30601,3273,21597,1079,8890,12707,49.37,1.91,25.8
84,Nike,1964,0,0,Active,Active,,2014,56500,27799,2693,18594,1199,7770,10824,36.74,1.57,23.43
84,Nike,1964,0,0,Active,Active,,2013,48000,25313,2472,17545,1210,6464,11081,28.11,1.43,19.69
84,Nike,1964,0,0,Active,Active,,2012,44000,23331,2211,15465,228,5084,10381,22.02,1.16,18.96
84,Nike,1964,0,0,Active,Active,,2011,38000,20117,2133,14998,276,5155,9843,18.79,1.12,16.8
84,Nike,1964,0,0,Active,Active,,2010,34400,19014,1907,14419,446,4665,9754,15.39,0.97,15.88
84,Nike,1964,0,0,Active,Active,,2009,34300,19176,1487,13250,437,4557,8693,13.36,0.75,17.81
